"id","match_id","quarter","clock","team1_score","team2_score","player_name","action","team1_p1_name","team1_p2_name","team1_p3_name","team1_p4_name","team1_p5_name","team2_p1_name","team2_p2_name","team2_p3_name","team2_p4_name","team2_p5_name"
4667548,128109,1,"09:47",0,0,LeDay Zach,TWO_POINT_MISSED,Valentine Denzel,Wiltjer Kyle,Cole R.J.,Tessitori Amedeo,Parks Jordan,LeDay Zach,Ellis Quinn,Shields Shavon,Nebo Josh,Brooks Armoni
4667551,128109,1,"09:29",0,0,Nebo Josh,DEFENSIVE_REBOUND,Valentine Denzel,Wiltjer Kyle,Cole R.J.,Tessitori Amedeo,Parks Jordan,LeDay Zach,Ellis Quinn,Shields Shavon,Nebo Josh,Brooks Armoni
4667553,128109,1,"09:11",0,0,Ellis Quinn,PERSONAL_FOUL_RECEIVED,Valentine Denzel,Wiltjer Kyle,Cole R.J.,Tessitori Amedeo,Parks Jordan,LeDay Zach,Ellis Quinn,Shields Shavon,Nebo Josh,Brooks Armoni
4667554,128109,1,"09:11",0,1,Ellis Quinn,FREE_THROW_MADE,Valentine Denzel,Wiltjer Kyle,Cole R.J.,Tessitori Amedeo,Parks Jordan,LeDay Zach,Ellis Quinn,Shields Shavon,Nebo Josh,Brooks Armoni
4667555,128109,1,"09:11",0,2,Ellis Quinn,FREE_THROW_MADE,Valentine Denzel,Wiltjer Kyle,Cole R.J.,Tessitori Amedeo,Parks Jordan,LeDay Zach,Ellis Quinn,Shields Shavon,Nebo Josh,Brooks Armoni
4667557,128109,1,"08:56",0,2,Ellis Quinn,DEFENSIVE_REBOUND,Valentine Denzel,Wiltjer Kyle,Cole R.J.,Tessitori Amedeo,Parks Jordan,LeDay Zach,Ellis Quinn,Shields Shavon,Nebo Josh,Brooks Armoni
4667558,128109,1,"08:46",0,4,Shields Shavon,TWO_POINT_MADE,Valentine Denzel,Wiltjer Kyle,Cole R.J.,Tessitori Amedeo,Parks Jordan,LeDay Zach,Ellis Quinn,Shields Shavon,Nebo Josh,Brooks Armoni
4667560,128109,1,"08:25",0,4,Shields Shavon,DEFENSIVE_REBOUND,Valentine Denzel,Wiltjer Kyle,Cole R.J.,Tessitori Amedeo,Parks Jordan,LeDay Zach,Ellis Quinn,Shields Shavon,Nebo Josh,Brooks Armoni
4667561,128109,1,"08:15",0,4,Shields Shavon,TURNOVER,Valentine Denzel,Wiltjer Kyle,Cole R.J.,Tessitori Amedeo,Parks Jordan,LeDay Zach,Ellis Quinn,Shields Shavon,Nebo Josh,Brooks Armoni
4667565,128109,1,"07:47",3,4,Brooks Armoni,TWO_POINT_MISSED,Valentine Denzel,Wiltjer Kyle,Cole R.J.,Tessitori Amedeo,Parks Jordan,LeDay Zach,Ellis Quinn,Shields Shavon,Nebo Josh,Brooks Armoni
4667568,128109,1,"07:22",5,6,Nebo Josh,TWO_POINT_MADE,Valentine Denzel,Wiltjer Kyle,Cole R.J.,Tessitori Amedeo,Parks Jordan,LeDay Zach,Ellis Quinn,Shields Shavon,Nebo Josh,Brooks Armoni
4667569,128109,1,"07:22",5,6,Ellis Quinn,ASSIST,Valentine Denzel,Wiltjer Kyle,Cole R.J.,Tessitori Amedeo,Parks Jordan,LeDay Zach,Ellis Quinn,Shields Shavon,Nebo Josh,Brooks Armoni
4667571,128109,1,"06:42",7,6,LeDay Zach,TURNOVER,Valentine Denzel,Wiltjer Kyle,Cole R.J.,Tessitori Amedeo,Parks Jordan,LeDay Zach,Ellis Quinn,Shields Shavon,Nebo Josh,Brooks Armoni
4667575,128109,1,"06:22",9,8,LeDay Zach,TWO_POINT_MADE,Valentine Denzel,Wiltjer Kyle,Cole R.J.,Tessitori Amedeo,Parks Jordan,LeDay Zach,Ellis Quinn,Shields Shavon,Nebo Josh,Brooks Armoni
4667576,128109,1,"06:09",9,8,Brooks Armoni,PERSONAL_FOUL,Valentine Denzel,Wiltjer Kyle,Cole R.J.,Tessitori Amedeo,Parks Jordan,LeDay Zach,Ellis Quinn,Shields Shavon,Nebo Josh,Brooks Armoni
4667580,128109,1,"05:36",12,8,LeDay Zach,TWO_POINT_MISSED,Valentine Denzel,Wiltjer Kyle,Cole R.J.,Tessitori Amedeo,Parks Jordan,LeDay Zach,Ellis Quinn,Shields Shavon,Nebo Josh,Brooks Armoni
4667583,128109,1,"05:30",12,8,Brooks Armoni,DEFENSIVE_REBOUND,Valentine Denzel,Wiltjer Kyle,Cole R.J.,Tessitori Amedeo,Parks Jordan,LeDay Zach,Ellis Quinn,Shields Shavon,Nebo Josh,Brooks Armoni
4667584,128109,1,"05:14",12,10,Shields Shavon,TWO_POINT_MADE,Valentine Denzel,Wiltjer Kyle,Cole R.J.,Tessitori Amedeo,Parks Jordan,LeDay Zach,Ellis Quinn,Shields Shavon,Nebo Josh,Brooks Armoni
4667586,128109,1,"04:57",12,10,Shields Shavon,DEFENSIVE_REBOUND,Valentine Denzel,Wiltjer Kyle,Cole R.J.,Tessitori Amedeo,Parks Jordan,LeDay Zach,Ellis Quinn,Shields Shavon,Nebo Josh,Brooks Armoni
4667587,128109,1,"04:47",12,12,Shields Shavon,TWO_POINT_MADE,Valentine Denzel,Wiltjer Kyle,Cole R.J.,Tessitori Amedeo,Parks Jordan,LeDay Zach,Ellis Quinn,Shields Shavon,Nebo Josh,Brooks Armoni
4667589,128109,1,"04:36",12,12,Nebo Josh,DEFENSIVE_REBOUND,Valentine Denzel,Wiltjer Kyle,Cole R.J.,Tessitori Amedeo,Parks Jordan,LeDay Zach,Ellis Quinn,Shields Shavon,Nebo Josh,Brooks Armoni
4667591,128109,1,"04:29",12,12,Brooks Armoni,PERSONAL_FOUL_RECEIVED,Valentine Denzel,Wiltjer Kyle,Cole R.J.,Tessitori Amedeo,Parks Jordan,LeDay Zach,Ellis Quinn,Shields Shavon,Nebo Josh,Brooks Armoni
4667594,128109,1,"04:29",12,12,Brooks Armoni,FREE_THROW_MISSED,Valentine Denzel,Wiltjer Kyle,Cole R.J.,Tessitori Amedeo,Parks Jordan,Ricci Giampaolo,Ellis Quinn,Shields Shavon,Nebo Josh,Brooks Armoni
4667595,128109,1,"04:29",12,13,Brooks Armoni,FREE_THROW_MADE,Valentine Denzel,Wiltjer Kyle,Cole R.J.,Tessitori Amedeo,Parks Jordan,Ricci Giampaolo,Ellis Quinn,Shields Shavon,Nebo Josh,Brooks Armoni
4667598,128109,1,"04:19",12,13,Nebo Josh,PERSONAL_FOUL,Valentine Denzel,Wiltjer Kyle,Cole R.J.,Tessitori Amedeo,Parks Jordan,Ricci Giampaolo,Ellis Quinn,Shields Shavon,Guduric Marko,Nebo Josh
4667605,128109,1,"04:14",12,13,Ricci Giampaolo,STEAL,Wiltjer Kyle,Horton Chris,Cole R.J.,Parks Jordan,Bowman Ky,Ricci Giampaolo,Ellis Quinn,Shields Shavon,Guduric Marko,Nebo Josh
4667606,128109,1,"04:05",12,15,Shields Shavon,TWO_POINT_MADE,Wiltjer Kyle,Horton Chris,Cole R.J.,Parks Jordan,Bowman Ky,Ricci Giampaolo,Ellis Quinn,Shields Shavon,Guduric Marko,Nebo Josh
4667608,128109,1,"03:45",12,15,Ellis Quinn,DEFENSIVE_REBOUND,Wiltjer Kyle,Horton Chris,Cole R.J.,Parks Jordan,Bowman Ky,Ricci Giampaolo,Ellis Quinn,Shields Shavon,Guduric Marko,Nebo Josh
4667609,128109,1,"03:28",12,15,Ellis Quinn,THREE_POINT_MISSED,Wiltjer Kyle,Horton Chris,Cole R.J.,Parks Jordan,Bowman Ky,Ricci Giampaolo,Ellis Quinn,Shields Shavon,Guduric Marko,Nebo Josh
4667611,128109,1,"03:23",12,15,Shields Shavon,PERSONAL_FOUL,Wiltjer Kyle,Horton Chris,Cole R.J.,Parks Jordan,Bowman Ky,Ricci Giampaolo,Ellis Quinn,Shields Shavon,Guduric Marko,Nebo Josh
4667618,128109,1,"03:23",14,15,Nebo Josh,DEFENSIVE_REBOUND,Wiltjer Kyle,Horton Chris,Cole R.J.,Parks Jordan,Bowman Ky,Bolmaro Leandro,Ricci Giampaolo,Ellis Quinn,Guduric Marko,Nebo Josh
4667619,128109,1,"03:10",14,17,Nebo Josh,TWO_POINT_MADE,Wiltjer Kyle,Horton Chris,Cole R.J.,Parks Jordan,Bowman Ky,Bolmaro Leandro,Ricci Giampaolo,Ellis Quinn,Guduric Marko,Nebo Josh
4667620,128109,1,"03:10",14,17,Ellis Quinn,ASSIST,Wiltjer Kyle,Horton Chris,Cole R.J.,Parks Jordan,Bowman Ky,Bolmaro Leandro,Ricci Giampaolo,Ellis Quinn,Guduric Marko,Nebo Josh
4667622,128109,1,"02:57",14,17,Ricci Giampaolo,STEAL,Wiltjer Kyle,Horton Chris,Cole R.J.,Parks Jordan,Bowman Ky,Bolmaro Leandro,Ricci Giampaolo,Ellis Quinn,Guduric Marko,Nebo Josh
4667623,128109,1,"02:50",14,17,Ellis Quinn,TWO_POINT_MISSED,Wiltjer Kyle,Horton Chris,Cole R.J.,Parks Jordan,Bowman Ky,Bolmaro Leandro,Ricci Giampaolo,Ellis Quinn,Guduric Marko,Nebo Josh
4667625,128109,1,"02:50",14,17,Ellis Quinn,BLOCK_AGAINST,Wiltjer Kyle,Horton Chris,Cole R.J.,Parks Jordan,Bowman Ky,Bolmaro Leandro,Ricci Giampaolo,Ellis Quinn,Guduric Marko,Nebo Josh
4667626,128109,1,"02:50",14,17,TeamB Player,OFFENSIVE_REBOUND,Wiltjer Kyle,Horton Chris,Cole R.J.,Parks Jordan,Bowman Ky,Bolmaro Leandro,Ricci Giampaolo,Ellis Quinn,Guduric Marko,Nebo Josh
4667631,128109,1,"02:40",14,17,Bolmaro Leandro,TWO_POINT_MISSED,Wiltjer Kyle,Horton Chris,Candi Leonardo,Parks Jordan,Bowman Ky,Bolmaro Leandro,Ricci Giampaolo,Mannion Nico,Guduric Marko,Nebo Josh
4667632,128109,1,"02:40",14,17,Guduric Marko,OFFENSIVE_REBOUND,Wiltjer Kyle,Horton Chris,Candi Leonardo,Parks Jordan,Bowman Ky,Bolmaro Leandro,Ricci Giampaolo,Mannion Nico,Guduric Marko,Nebo Josh
4667634,128109,1,"02:34",14,17,Guduric Marko,PERSONAL_FOUL_RECEIVED,Wiltjer Kyle,Horton Chris,Candi Leonardo,Parks Jordan,Bowman Ky,Bolmaro Leandro,Ricci Giampaolo,Mannion Nico,Guduric Marko,Nebo Josh
4667637,128109,1,"02:28",14,19,Nebo Josh,TWO_POINT_MADE,Wiltjer Kyle,Horton Chris,Candi Leonardo,Wheatle Carl,Bowman Ky,Bolmaro Leandro,Ricci Giampaolo,Mannion Nico,Guduric Marko,Nebo Josh
4667638,128109,1,"02:28",14,19,Guduric Marko,ASSIST,Wiltjer Kyle,Horton Chris,Candi Leonardo,Wheatle Carl,Bowman Ky,Bolmaro Leandro,Ricci Giampaolo,Mannion Nico,Guduric Marko,Nebo Josh
4667639,128109,1,"02:15",14,19,Ricci Giampaolo,PERSONAL_FOUL,Wiltjer Kyle,Horton Chris,Candi Leonardo,Wheatle Carl,Bowman Ky,Bolmaro Leandro,Ricci Giampaolo,Mannion Nico,Guduric Marko,Nebo Josh
4667642,128109,1,"02:04",14,19,Nebo Josh,DEFENSIVE_REBOUND,Wiltjer Kyle,Horton Chris,Candi Leonardo,Wheatle Carl,Bowman Ky,Bolmaro Leandro,Ricci Giampaolo,Mannion Nico,Guduric Marko,Nebo Josh
4667643,128109,1,"01:41",14,21,Bolmaro Leandro,TWO_POINT_MADE,Wiltjer Kyle,Horton Chris,Candi Leonardo,Wheatle Carl,Bowman Ky,Bolmaro Leandro,Ricci Giampaolo,Mannion Nico,Guduric Marko,Nebo Josh
4667645,128109,1,"01:22",14,21,Nebo Josh,DEFENSIVE_REBOUND,Wiltjer Kyle,Horton Chris,Candi Leonardo,Wheatle Carl,Bowman Ky,Bolmaro Leandro,Ricci Giampaolo,Mannion Nico,Guduric Marko,Nebo Josh
4667646,128109,1,"01:16",14,24,Ricci Giampaolo,THREE_POINT_MADE,Wiltjer Kyle,Horton Chris,Candi Leonardo,Wheatle Carl,Bowman Ky,Bolmaro Leandro,Ricci Giampaolo,Mannion Nico,Guduric Marko,Nebo Josh
4667647,128109,1,"01:16",14,24,Guduric Marko,ASSIST,Wiltjer Kyle,Horton Chris,Candi Leonardo,Wheatle Carl,Bowman Ky,Bolmaro Leandro,Ricci Giampaolo,Mannion Nico,Guduric Marko,Nebo Josh
4667649,128109,1,"01:03",14,24,TeamB Player,DEFENSIVE_REBOUND,Wiltjer Kyle,Horton Chris,Candi Leonardo,Wheatle Carl,Bowman Ky,Bolmaro Leandro,Ricci Giampaolo,Mannion Nico,Guduric Marko,Nebo Josh
4667654,128109,1,"00:43",14,24,Guduric Marko,TWO_POINT_MISSED,Horton Chris,Candi Leonardo,Nikolic Stefan,Wheatle Carl,Bowman Ky,Diop Ousmane,Bolmaro Leandro,Ricci Giampaolo,Mannion Nico,Guduric Marko
4667657,128109,1,"00:28",14,24,Ricci Giampaolo,DEFENSIVE_REBOUND,Horton Chris,Candi Leonardo,Nikolic Stefan,Wheatle Carl,Bowman Ky,Diop Ousmane,Bolmaro Leandro,Ricci Giampaolo,Mannion Nico,Guduric Marko
4667659,128109,1,"00:25",14,24,Ricci Giampaolo,PERSONAL_FOUL_RECEIVED,Horton Chris,Candi Leonardo,Nikolic Stefan,Wheatle Carl,Bowman Ky,Diop Ousmane,Bolmaro Leandro,Ricci Giampaolo,Mannion Nico,Guduric Marko
4667660,128109,1,"00:06",14,27,Guduric Marko,THREE_POINT_MADE,Horton Chris,Candi Leonardo,Nikolic Stefan,Wheatle Carl,Bowman Ky,Diop Ousmane,Bolmaro Leandro,Ricci Giampaolo,Mannion Nico,Guduric Marko
4667661,128109,1,"00:06",14,27,Mannion Nico,ASSIST,Horton Chris,Candi Leonardo,Nikolic Stefan,Wheatle Carl,Bowman Ky,Diop Ousmane,Bolmaro Leandro,Ricci Giampaolo,Mannion Nico,Guduric Marko
4667663,128109,2,"09:47",14,27,Mannion Nico,DEFENSIVE_REBOUND,Horton Chris,Candi Leonardo,Nikolic Stefan,Wheatle Carl,Bowman Ky,Diop Ousmane,Bolmaro Leandro,Ricci Giampaolo,Mannion Nico,Guduric Marko
4667664,128109,2,"09:33",14,29,Bolmaro Leandro,TWO_POINT_MADE,Horton Chris,Candi Leonardo,Nikolic Stefan,Wheatle Carl,Bowman Ky,Diop Ousmane,Bolmaro Leandro,Ricci Giampaolo,Mannion Nico,Guduric Marko
4667666,128109,2,"09:27",14,29,Guduric Marko,STEAL,Horton Chris,Candi Leonardo,Nikolic Stefan,Wheatle Carl,Bowman Ky,Diop Ousmane,Bolmaro Leandro,Ricci Giampaolo,Mannion Nico,Guduric Marko
4667667,128109,2,"09:14",14,29,Guduric Marko,THREE_POINT_MISSED,Horton Chris,Candi Leonardo,Nikolic Stefan,Wheatle Carl,Bowman Ky,Diop Ousmane,Bolmaro Leandro,Ricci Giampaolo,Mannion Nico,Guduric Marko
4667668,128109,2,"09:14",14,29,Diop Ousmane,OFFENSIVE_REBOUND,Horton Chris,Candi Leonardo,Nikolic Stefan,Wheatle Carl,Bowman Ky,Diop Ousmane,Bolmaro Leandro,Ricci Giampaolo,Mannion Nico,Guduric Marko
4667669,128109,2,"09:10",14,31,Diop Ousmane,TWO_POINT_MADE,Horton Chris,Candi Leonardo,Nikolic Stefan,Wheatle Carl,Bowman Ky,Diop Ousmane,Bolmaro Leandro,Ricci Giampaolo,Mannion Nico,Guduric Marko
4667671,128109,2,"08:55",14,31,Ricci Giampaolo,DEFENSIVE_REBOUND,Horton Chris,Candi Leonardo,Nikolic Stefan,Wheatle Carl,Bowman Ky,Diop Ousmane,Bolmaro Leandro,Ricci Giampaolo,Mannion Nico,Guduric Marko
4667672,128109,2,"08:38",14,31,Diop Ousmane,TURNOVER,Horton Chris,Candi Leonardo,Nikolic Stefan,Wheatle Carl,Bowman Ky,Diop Ousmane,Bolmaro Leandro,Ricci Giampaolo,Mannion Nico,Guduric Marko
4667673,128109,2,"08:29",14,31,Diop Ousmane,PERSONAL_FOUL,Horton Chris,Candi Leonardo,Nikolic Stefan,Wheatle Carl,Bowman Ky,Diop Ousmane,Bolmaro Leandro,Ricci Giampaolo,Mannion Nico,Guduric Marko
4667679,128109,2,"08:14",16,31,Ricci Giampaolo,THREE_POINT_MISSED,Horton Chris,Candi Leonardo,Cole R.J.,Nikolic Stefan,Wheatle Carl,Diop Ousmane,Bolmaro Leandro,Ricci Giampaolo,Mannion Nico,Guduric Marko
4667680,128109,2,"08:14",16,31,Diop Ousmane,OFFENSIVE_REBOUND,Horton Chris,Candi Leonardo,Cole R.J.,Nikolic Stefan,Wheatle Carl,Diop Ousmane,Bolmaro Leandro,Ricci Giampaolo,Mannion Nico,Guduric Marko
4667681,128109,2,"08:01",16,33,Bolmaro Leandro,TWO_POINT_MADE,Horton Chris,Candi Leonardo,Cole R.J.,Nikolic Stefan,Wheatle Carl,Diop Ousmane,Bolmaro Leandro,Ricci Giampaolo,Mannion Nico,Guduric Marko
4667683,128109,2,"08:01",16,33,Bolmaro Leandro,PERSONAL_FOUL_RECEIVED,Horton Chris,Candi Leonardo,Cole R.J.,Nikolic Stefan,Wheatle Carl,Diop Ousmane,Bolmaro Leandro,Ricci Giampaolo,Mannion Nico,Guduric Marko
4667684,128109,2,"08:01",16,33,Bolmaro Leandro,FREE_THROW_MISSED,Horton Chris,Candi Leonardo,Cole R.J.,Nikolic Stefan,Wheatle Carl,Diop Ousmane,Bolmaro Leandro,Ricci Giampaolo,Mannion Nico,Guduric Marko
4667686,128109,2,"07:59",16,33,Mannion Nico,PERSONAL_FOUL,Horton Chris,Candi Leonardo,Cole R.J.,Nikolic Stefan,Wheatle Carl,Diop Ousmane,Bolmaro Leandro,Ricci Giampaolo,Mannion Nico,Guduric Marko
4667690,128109,2,"07:27",18,33,Ricci Giampaolo,PERSONAL_FOUL_RECEIVED,Horton Chris,Candi Leonardo,Cole R.J.,Nikolic Stefan,Wheatle Carl,Diop Ousmane,Bolmaro Leandro,Ricci Giampaolo,Mannion Nico,Guduric Marko
4667691,128109,2,"07:27",18,34,Ricci Giampaolo,FREE_THROW_MADE,Horton Chris,Candi Leonardo,Cole R.J.,Nikolic Stefan,Wheatle Carl,Diop Ousmane,Bolmaro Leandro,Ricci Giampaolo,Mannion Nico,Guduric Marko
4667692,128109,2,"07:27",18,35,Ricci Giampaolo,FREE_THROW_MADE,Horton Chris,Candi Leonardo,Cole R.J.,Nikolic Stefan,Wheatle Carl,Diop Ousmane,Bolmaro Leandro,Ricci Giampaolo,Mannion Nico,Guduric Marko
4667693,128109,2,"07:27",18,35,Mannion Nico,ASSIST,Horton Chris,Candi Leonardo,Cole R.J.,Nikolic Stefan,Wheatle Carl,Diop Ousmane,Bolmaro Leandro,Ricci Giampaolo,Mannion Nico,Guduric Marko
4667695,128109,2,"07:12",18,35,Ricci Giampaolo,DEFENSIVE_REBOUND,Horton Chris,Candi Leonardo,Cole R.J.,Nikolic Stefan,Wheatle Carl,Diop Ousmane,Bolmaro Leandro,Ricci Giampaolo,Mannion Nico,Guduric Marko
4667696,128109,2,"07:00",18,37,Bolmaro Leandro,TWO_POINT_MADE,Horton Chris,Candi Leonardo,Cole R.J.,Nikolic Stefan,Wheatle Carl,Diop Ousmane,Bolmaro Leandro,Ricci Giampaolo,Mannion Nico,Guduric Marko
4667697,128109,2,"07:00",18,37,Guduric Marko,ASSIST,Horton Chris,Candi Leonardo,Cole R.J.,Nikolic Stefan,Wheatle Carl,Diop Ousmane,Bolmaro Leandro,Ricci Giampaolo,Mannion Nico,Guduric Marko
4667699,128109,2,"06:51",18,37,Mannion Nico,DEFENSIVE_REBOUND,Horton Chris,Candi Leonardo,Cole R.J.,Nikolic Stefan,Wheatle Carl,Diop Ousmane,Bolmaro Leandro,Ricci Giampaolo,Mannion Nico,Guduric Marko
4667700,128109,2,"06:44",18,40,Bolmaro Leandro,THREE_POINT_MADE,Horton Chris,Candi Leonardo,Cole R.J.,Nikolic Stefan,Wheatle Carl,Diop Ousmane,Bolmaro Leandro,Ricci Giampaolo,Mannion Nico,Guduric Marko
4667701,128109,2,"06:44",18,40,Mannion Nico,ASSIST,Horton Chris,Candi Leonardo,Cole R.J.,Nikolic Stefan,Wheatle Carl,Diop Ousmane,Bolmaro Leandro,Ricci Giampaolo,Mannion Nico,Guduric Marko
4667704,128109,2,"06:29",20,40,Mannion Nico,TWO_POINT_MISSED,Horton Chris,Candi Leonardo,Cole R.J.,Nikolic Stefan,Wheatle Carl,Diop Ousmane,Bolmaro Leandro,Ricci Giampaolo,Mannion Nico,Guduric Marko
4667706,128109,2,"06:29",20,40,Mannion Nico,BLOCK_AGAINST,Horton Chris,Candi Leonardo,Cole R.J.,Nikolic Stefan,Wheatle Carl,Diop Ousmane,Bolmaro Leandro,Ricci Giampaolo,Mannion Nico,Guduric Marko
4667707,128109,2,"06:29",20,40,Diop Ousmane,OFFENSIVE_REBOUND,Horton Chris,Candi Leonardo,Cole R.J.,Nikolic Stefan,Wheatle Carl,Diop Ousmane,Bolmaro Leandro,Ricci Giampaolo,Mannion Nico,Guduric Marko
4667708,128109,2,"06:20",20,42,Diop Ousmane,TWO_POINT_MADE,Horton Chris,Candi Leonardo,Cole R.J.,Nikolic Stefan,Wheatle Carl,Diop Ousmane,Bolmaro Leandro,Ricci Giampaolo,Mannion Nico,Guduric Marko
4667709,128109,2,"06:10",20,42,Ricci Giampaolo,PERSONAL_FOUL,Horton Chris,Candi Leonardo,Cole R.J.,Nikolic Stefan,Wheatle Carl,Diop Ousmane,Bolmaro Leandro,Ricci Giampaolo,Mannion Nico,Guduric Marko
4667719,128109,2,"06:10",20,42,Ricci Giampaolo,DEFENSIVE_REBOUND,Valentine Denzel,Cole R.J.,Tessitori Amedeo,Nikolic Stefan,Wheatle Carl,Diop Ousmane,Ricci Giampaolo,Mannion Nico,Shields Shavon,Guduric Marko
4667720,128109,2,"06:02",20,42,Guduric Marko,TURNOVER,Valentine Denzel,Cole R.J.,Tessitori Amedeo,Nikolic Stefan,Wheatle Carl,Diop Ousmane,Ricci Giampaolo,Mannion Nico,Shields Shavon,Guduric Marko
4667725,128109,2,"05:36",22,42,Mannion Nico,THREE_POINT_MISSED,Valentine Denzel,Cole R.J.,Tessitori Amedeo,Parks Jordan,Wheatle Carl,Diop Ousmane,Ricci Giampaolo,Mannion Nico,Shields Shavon,Guduric Marko
4667726,128109,2,"05:36",22,42,TeamB Player,OFFENSIVE_REBOUND,Valentine Denzel,Cole R.J.,Tessitori Amedeo,Parks Jordan,Wheatle Carl,Diop Ousmane,Ricci Giampaolo,Mannion Nico,Shields Shavon,Guduric Marko
4667728,128109,2,"05:36",22,42,Ricci Giampaolo,PERSONAL_FOUL_RECEIVED,Valentine Denzel,Cole R.J.,Tessitori Amedeo,Parks Jordan,Wheatle Carl,Diop Ousmane,Ricci Giampaolo,Mannion Nico,Shields Shavon,Guduric Marko
4667731,128109,2,"05:29",22,44,Guduric Marko,TWO_POINT_MADE,Valentine Denzel,Cole R.J.,Tessitori Amedeo,Parks Jordan,Wheatle Carl,Diop Ousmane,Ricci Giampaolo,Ellis Quinn,Shields Shavon,Guduric Marko
4667732,128109,2,"05:14",22,44,Ellis Quinn,PERSONAL_FOUL,Valentine Denzel,Cole R.J.,Tessitori Amedeo,Parks Jordan,Wheatle Carl,Diop Ousmane,Ricci Giampaolo,Ellis Quinn,Shields Shavon,Guduric Marko
4667743,128109,2,"04:45",24,44,Nebo Josh,PERSONAL_FOUL_RECEIVED,Valentine Denzel,Cole R.J.,Tessitori Amedeo,Parks Jordan,Wheatle Carl,LeDay Zach,Ellis Quinn,Shields Shavon,Nebo Josh,Brooks Armoni
4667744,128109,2,"04:45",24,45,Nebo Josh,FREE_THROW_MADE,Valentine Denzel,Cole R.J.,Tessitori Amedeo,Parks Jordan,Wheatle Carl,LeDay Zach,Ellis Quinn,Shields Shavon,Nebo Josh,Brooks Armoni
4667745,128109,2,"04:45",24,45,Nebo Josh,FREE_THROW_MISSED,Valentine Denzel,Cole R.J.,Tessitori Amedeo,Parks Jordan,Wheatle Carl,LeDay Zach,Ellis Quinn,Shields Shavon,Nebo Josh,Brooks Armoni
4667746,128109,2,"04:45",24,45,LeDay Zach,ASSIST,Valentine Denzel,Cole R.J.,Tessitori Amedeo,Parks Jordan,Wheatle Carl,LeDay Zach,Ellis Quinn,Shields Shavon,Nebo Josh,Brooks Armoni
4667749,128109,2,"04:36",24,45,Shields Shavon,STEAL,Valentine Denzel,Cole R.J.,Tessitori Amedeo,Parks Jordan,Wheatle Carl,LeDay Zach,Ellis Quinn,Shields Shavon,Nebo Josh,Brooks Armoni
4667750,128109,2,"04:25",24,45,Nebo Josh,TURNOVER,Valentine Denzel,Cole R.J.,Tessitori Amedeo,Parks Jordan,Wheatle Carl,LeDay Zach,Ellis Quinn,Shields Shavon,Nebo Josh,Brooks Armoni
4667751,128109,2,"04:12",24,45,Ellis Quinn,PERSONAL_FOUL,Valentine Denzel,Cole R.J.,Tessitori Amedeo,Parks Jordan,Wheatle Carl,LeDay Zach,Ellis Quinn,Shields Shavon,Nebo Josh,Brooks Armoni
4667757,128109,2,"03:56",26,45,LeDay Zach,THREE_POINT_MISSED,Valentine Denzel,Cole R.J.,Tessitori Amedeo,Parks Jordan,Bowman Ky,LeDay Zach,Ellis Quinn,Shields Shavon,Nebo Josh,Brooks Armoni
4667761,128109,2,"03:47",26,45,Shields Shavon,PERSONAL_FOUL,Valentine Denzel,Cole R.J.,Tessitori Amedeo,Parks Jordan,Bowman Ky,LeDay Zach,Ellis Quinn,Shields Shavon,Nebo Josh,Brooks Armoni
4667765,128109,2,"03:22",28,45,Shields Shavon,TWO_POINT_MISSED,Valentine Denzel,Cole R.J.,Tessitori Amedeo,Parks Jordan,Bowman Ky,LeDay Zach,Ellis Quinn,Shields Shavon,Nebo Josh,Brooks Armoni
4667768,128109,2,"03:01",31,47,Ellis Quinn,TWO_POINT_MADE,Valentine Denzel,Cole R.J.,Tessitori Amedeo,Parks Jordan,Bowman Ky,LeDay Zach,Ellis Quinn,Shields Shavon,Nebo Josh,Brooks Armoni
4667770,128109,2,"03:01",31,47,Ellis Quinn,PERSONAL_FOUL_RECEIVED,Valentine Denzel,Cole R.J.,Tessitori Amedeo,Parks Jordan,Bowman Ky,LeDay Zach,Ellis Quinn,Shields Shavon,Nebo Josh,Brooks Armoni
4667771,128109,2,"03:01",31,48,Ellis Quinn,FREE_THROW_MADE,Valentine Denzel,Cole R.J.,Tessitori Amedeo,Parks Jordan,Bowman Ky,LeDay Zach,Ellis Quinn,Shields Shavon,Nebo Josh,Brooks Armoni
4667773,128109,2,"02:26",34,50,LeDay Zach,TWO_POINT_MADE,Valentine Denzel,Cole R.J.,Tessitori Amedeo,Parks Jordan,Bowman Ky,LeDay Zach,Ellis Quinn,Shields Shavon,Nebo Josh,Brooks Armoni
4667776,128109,2,"02:20",36,50,LeDay Zach,PERSONAL_FOUL,Valentine Denzel,Cole R.J.,Tessitori Amedeo,Parks Jordan,Bowman Ky,LeDay Zach,Ellis Quinn,Shields Shavon,Nebo Josh,Brooks Armoni
4667783,128109,2,"02:00",38,50,Shields Shavon,THREE_POINT_MISSED,Valentine Denzel,Cole R.J.,Parks Jordan,Lever Alessandro,Bowman Ky,LeDay Zach,Ellis Quinn,Shields Shavon,Nebo Josh,Brooks Armoni
4667784,128109,2,"02:00",38,50,Ellis Quinn,OFFENSIVE_REBOUND,Valentine Denzel,Cole R.J.,Parks Jordan,Lever Alessandro,Bowman Ky,LeDay Zach,Ellis Quinn,Shields Shavon,Nebo Josh,Brooks Armoni
4667785,128109,2,"01:48",38,50,LeDay Zach,TURNOVER,Valentine Denzel,Cole R.J.,Parks Jordan,Lever Alessandro,Bowman Ky,LeDay Zach,Ellis Quinn,Shields Shavon,Nebo Josh,Brooks Armoni
4667788,128109,2,"01:32",38,50,Shields Shavon,PERSONAL_FOUL,Valentine Denzel,Cole R.J.,Parks Jordan,Lever Alessandro,Bowman Ky,Bolmaro Leandro,Ellis Quinn,Shields Shavon,Nebo Josh,Brooks Armoni
4667794,128109,2,"01:12",39,50,Bolmaro Leandro,TWO_POINT_MISSED,Valentine Denzel,Cole R.J.,Parks Jordan,Lever Alessandro,Bowman Ky,Bolmaro Leandro,Ellis Quinn,Guduric Marko,Nebo Josh,Brooks Armoni
4667795,128109,2,"01:12",39,50,Nebo Josh,OFFENSIVE_REBOUND,Valentine Denzel,Cole R.J.,Parks Jordan,Lever Alessandro,Bowman Ky,Bolmaro Leandro,Ellis Quinn,Guduric Marko,Nebo Josh,Brooks Armoni
4667796,128109,2,"01:08",39,50,Nebo Josh,TWO_POINT_MISSED,Valentine Denzel,Cole R.J.,Parks Jordan,Lever Alessandro,Bowman Ky,Bolmaro Leandro,Ellis Quinn,Guduric Marko,Nebo Josh,Brooks Armoni
4667799,128109,2,"01:02",39,50,Brooks Armoni,DEFENSIVE_REBOUND,Valentine Denzel,Cole R.J.,Parks Jordan,Lever Alessandro,Bowman Ky,Bolmaro Leandro,Ellis Quinn,Guduric Marko,Nebo Josh,Brooks Armoni
4667800,128109,2,"00:48",39,52,Bolmaro Leandro,TWO_POINT_MADE,Valentine Denzel,Cole R.J.,Parks Jordan,Lever Alessandro,Bowman Ky,Bolmaro Leandro,Ellis Quinn,Guduric Marko,Nebo Josh,Brooks Armoni
4667802,128109,2,"00:24",39,52,Nebo Josh,DEFENSIVE_REBOUND,Valentine Denzel,Cole R.J.,Parks Jordan,Lever Alessandro,Bowman Ky,Bolmaro Leandro,Ellis Quinn,Guduric Marko,Nebo Josh,Brooks Armoni
4667803,128109,2,"00:03",39,52,Guduric Marko,THREE_POINT_MISSED,Valentine Denzel,Cole R.J.,Parks Jordan,Lever Alessandro,Bowman Ky,Bolmaro Leandro,Ellis Quinn,Guduric Marko,Nebo Josh,Brooks Armoni
4667811,128109,3,"09:37",39,54,Bolmaro Leandro,TWO_POINT_MADE,Valentine Denzel,Wiltjer Kyle,Cole R.J.,Tessitori Amedeo,Parks Jordan,Bolmaro Leandro,Ricci Giampaolo,Ellis Quinn,Nebo Josh,Brooks Armoni
4667813,128109,3,"09:21",39,54,Nebo Josh,DEFENSIVE_REBOUND,Valentine Denzel,Wiltjer Kyle,Cole R.J.,Tessitori Amedeo,Parks Jordan,Bolmaro Leandro,Ricci Giampaolo,Ellis Quinn,Nebo Josh,Brooks Armoni
4667814,128109,3,"09:00",39,54,Ellis Quinn,TURNOVER,Valentine Denzel,Wiltjer Kyle,Cole R.J.,Tessitori Amedeo,Parks Jordan,Bolmaro Leandro,Ricci Giampaolo,Ellis Quinn,Nebo Josh,Brooks Armoni
4667816,128109,3,"08:56",39,54,Nebo Josh,PERSONAL_FOUL,Valentine Denzel,Wiltjer Kyle,Cole R.J.,Tessitori Amedeo,Parks Jordan,Bolmaro Leandro,Ricci Giampaolo,Ellis Quinn,Nebo Josh,Brooks Armoni
4667819,128109,3,"08:44",39,54,Bolmaro Leandro,DEFENSIVE_REBOUND,Valentine Denzel,Wiltjer Kyle,Cole R.J.,Tessitori Amedeo,Parks Jordan,Bolmaro Leandro,Ricci Giampaolo,Ellis Quinn,Nebo Josh,Brooks Armoni
4667820,128109,3,"08:41",39,57,Brooks Armoni,THREE_POINT_MADE,Valentine Denzel,Wiltjer Kyle,Cole R.J.,Tessitori Amedeo,Parks Jordan,Bolmaro Leandro,Ricci Giampaolo,Ellis Quinn,Nebo Josh,Brooks Armoni
4667821,128109,3,"08:41",39,57,Ellis Quinn,ASSIST,Valentine Denzel,Wiltjer Kyle,Cole R.J.,Tessitori Amedeo,Parks Jordan,Bolmaro Leandro,Ricci Giampaolo,Ellis Quinn,Nebo Josh,Brooks Armoni
4667825,128109,3,"08:11",39,57,Ellis Quinn,TURNOVER,Valentine Denzel,Wiltjer Kyle,Cole R.J.,Tessitori Amedeo,Wheatle Carl,Bolmaro Leandro,Ricci Giampaolo,Ellis Quinn,Nebo Josh,Brooks Armoni
4667827,128109,3,"08:06",39,57,Ellis Quinn,PERSONAL_FOUL,Valentine Denzel,Wiltjer Kyle,Cole R.J.,Tessitori Amedeo,Wheatle Carl,Bolmaro Leandro,Ricci Giampaolo,Ellis Quinn,Nebo Josh,Brooks Armoni
4667830,128109,3,"08:01",39,57,Ricci Giampaolo,STEAL,Valentine Denzel,Wiltjer Kyle,Cole R.J.,Tessitori Amedeo,Wheatle Carl,Bolmaro Leandro,Ricci Giampaolo,Ellis Quinn,Nebo Josh,Brooks Armoni
4667831,128109,3,"07:53",39,60,Ricci Giampaolo,THREE_POINT_MADE,Valentine Denzel,Wiltjer Kyle,Cole R.J.,Tessitori Amedeo,Wheatle Carl,Bolmaro Leandro,Ricci Giampaolo,Ellis Quinn,Nebo Josh,Brooks Armoni
4667832,128109,3,"07:53",39,60,Brooks Armoni,ASSIST,Valentine Denzel,Wiltjer Kyle,Cole R.J.,Tessitori Amedeo,Wheatle Carl,Bolmaro Leandro,Ricci Giampaolo,Ellis Quinn,Nebo Josh,Brooks Armoni
4667835,128109,3,"07:21",41,60,Ricci Giampaolo,PERSONAL_FOUL_RECEIVED,Valentine Denzel,Wiltjer Kyle,Cole R.J.,Tessitori Amedeo,Wheatle Carl,Bolmaro Leandro,Ricci Giampaolo,Ellis Quinn,Nebo Josh,Brooks Armoni
4667836,128109,3,"07:21",41,61,Ricci Giampaolo,FREE_THROW_MADE,Valentine Denzel,Wiltjer Kyle,Cole R.J.,Tessitori Amedeo,Wheatle Carl,Bolmaro Leandro,Ricci Giampaolo,Ellis Quinn,Nebo Josh,Brooks Armoni
4667837,128109,3,"07:21",41,61,Ricci Giampaolo,FREE_THROW_MISSED,Valentine Denzel,Wiltjer Kyle,Cole R.J.,Tessitori Amedeo,Wheatle Carl,Bolmaro Leandro,Ricci Giampaolo,Ellis Quinn,Nebo Josh,Brooks Armoni
4667840,128109,3,"07:11",41,61,Bolmaro Leandro,DEFENSIVE_REBOUND,Valentine Denzel,Wiltjer Kyle,Cole R.J.,Tessitori Amedeo,Wheatle Carl,Bolmaro Leandro,Ricci Giampaolo,Ellis Quinn,Nebo Josh,Brooks Armoni
4667841,128109,3,"07:05",41,61,Bolmaro Leandro,TURNOVER,Valentine Denzel,Wiltjer Kyle,Cole R.J.,Tessitori Amedeo,Wheatle Carl,Bolmaro Leandro,Ricci Giampaolo,Ellis Quinn,Nebo Josh,Brooks Armoni
4667842,128109,3,"06:53",41,61,Ricci Giampaolo,PERSONAL_FOUL,Valentine Denzel,Wiltjer Kyle,Cole R.J.,Tessitori Amedeo,Wheatle Carl,Bolmaro Leandro,Ricci Giampaolo,Ellis Quinn,Nebo Josh,Brooks Armoni
4667848,128109,3,"06:53",41,61,Bolmaro Leandro,DEFENSIVE_REBOUND,Valentine Denzel,Wiltjer Kyle,Cole R.J.,Tessitori Amedeo,Wheatle Carl,Bolmaro Leandro,Ricci Giampaolo,Mannion Nico,Nebo Josh,Brooks Armoni
4667849,128109,3,"06:38",41,64,Mannion Nico,THREE_POINT_MADE,Valentine Denzel,Wiltjer Kyle,Cole R.J.,Tessitori Amedeo,Wheatle Carl,Bolmaro Leandro,Ricci Giampaolo,Mannion Nico,Nebo Josh,Brooks Armoni
4667850,128109,3,"06:10",41,64,Bolmaro Leandro,PERSONAL_FOUL,Valentine Denzel,Wiltjer Kyle,Cole R.J.,Tessitori Amedeo,Wheatle Carl,Bolmaro Leandro,Ricci Giampaolo,Mannion Nico,Nebo Josh,Brooks Armoni
4667860,128109,3,"05:43",44,64,Mannion Nico,TURNOVER,Cole R.J.,Tessitori Amedeo,Parks Jordan,Wheatle Carl,Bowman Ky,Ricci Giampaolo,Mannion Nico,Shields Shavon,Nebo Josh,Brooks Armoni
4667863,128109,3,"05:28",44,64,Nebo Josh,DEFENSIVE_REBOUND,Cole R.J.,Tessitori Amedeo,Parks Jordan,Wheatle Carl,Bowman Ky,Ricci Giampaolo,Mannion Nico,Shields Shavon,Nebo Josh,Brooks Armoni
4667864,128109,3,"05:12",44,64,Ricci Giampaolo,THREE_POINT_MISSED,Cole R.J.,Tessitori Amedeo,Parks Jordan,Wheatle Carl,Bowman Ky,Ricci Giampaolo,Mannion Nico,Shields Shavon,Nebo Josh,Brooks Armoni
4667869,128109,3,"04:34",47,64,Shields Shavon,PERSONAL_FOUL_RECEIVED,Cole R.J.,Tessitori Amedeo,Parks Jordan,Wheatle Carl,Bowman Ky,Ricci Giampaolo,Mannion Nico,Shields Shavon,Nebo Josh,Brooks Armoni
4667872,128109,3,"04:23",47,64,Mannion Nico,THREE_POINT_MISSED,Cole R.J.,Tessitori Amedeo,Parks Jordan,Wheatle Carl,Bowman Ky,Ricci Giampaolo,Mannion Nico,Shields Shavon,Guduric Marko,Nebo Josh
4667876,128109,3,"04:01",47,64,Mannion Nico,PERSONAL_FOUL,Cole R.J.,Tessitori Amedeo,Parks Jordan,Wheatle Carl,Bowman Ky,LeDay Zach,Mannion Nico,Shields Shavon,Guduric Marko,Nebo Josh
4667880,128109,3,"03:46",49,64,Guduric Marko,THREE_POINT_MISSED,Cole R.J.,Tessitori Amedeo,Parks Jordan,Wheatle Carl,Bowman Ky,LeDay Zach,Mannion Nico,Shields Shavon,Guduric Marko,Nebo Josh
4667888,128109,3,"03:20",52,66,Shields Shavon,TWO_POINT_MADE,Horton Chris,Cole R.J.,Parks Jordan,Wheatle Carl,Bowman Ky,LeDay Zach,Diop Ousmane,Mannion Nico,Shields Shavon,Guduric Marko
4667889,128109,3,"03:02",52,66,LeDay Zach,PERSONAL_FOUL,Horton Chris,Cole R.J.,Parks Jordan,Wheatle Carl,Bowman Ky,LeDay Zach,Diop Ousmane,Mannion Nico,Shields Shavon,Guduric Marko
4667895,128109,3,"02:39",54,66,LeDay Zach,PERSONAL_FOUL,Horton Chris,Candi Leonardo,Parks Jordan,Wheatle Carl,Bowman Ky,LeDay Zach,Diop Ousmane,Mannion Nico,Shields Shavon,Guduric Marko
4667896,128109,3,"02:39",54,66,LeDay Zach,TURNOVER,Horton Chris,Candi Leonardo,Parks Jordan,Wheatle Carl,Bowman Ky,LeDay Zach,Diop Ousmane,Mannion Nico,Shields Shavon,Guduric Marko
4667904,128109,3,"02:12",56,66,Diop Ousmane,PERSONAL_FOUL_RECEIVED,Horton Chris,Candi Leonardo,Parks Jordan,Wheatle Carl,Bowman Ky,Diop Ousmane,Bolmaro Leandro,Mannion Nico,Shields Shavon,Guduric Marko
4667905,128109,3,"02:07",56,66,Diop Ousmane,PERSONAL_FOUL,Horton Chris,Candi Leonardo,Parks Jordan,Wheatle Carl,Bowman Ky,Diop Ousmane,Bolmaro Leandro,Mannion Nico,Shields Shavon,Guduric Marko
4667906,128109,3,"02:07",56,66,Diop Ousmane,TURNOVER,Horton Chris,Candi Leonardo,Parks Jordan,Wheatle Carl,Bowman Ky,Diop Ousmane,Bolmaro Leandro,Mannion Nico,Shields Shavon,Guduric Marko
4667909,128109,3,"01:55",56,66,Shields Shavon,DEFENSIVE_REBOUND,Horton Chris,Candi Leonardo,Parks Jordan,Wheatle Carl,Bowman Ky,Diop Ousmane,Bolmaro Leandro,Mannion Nico,Shields Shavon,Guduric Marko
4667910,128109,3,"01:31",56,66,Guduric Marko,TWO_POINT_MISSED,Horton Chris,Candi Leonardo,Parks Jordan,Wheatle Carl,Bowman Ky,Diop Ousmane,Bolmaro Leandro,Mannion Nico,Shields Shavon,Guduric Marko
4667913,128109,3,"00:59",58,66,Bolmaro Leandro,THREE_POINT_MISSED,Horton Chris,Candi Leonardo,Parks Jordan,Wheatle Carl,Bowman Ky,Diop Ousmane,Bolmaro Leandro,Mannion Nico,Shields Shavon,Guduric Marko
4667916,128109,3,"00:49",58,66,Bolmaro Leandro,DEFENSIVE_REBOUND,Horton Chris,Candi Leonardo,Parks Jordan,Wheatle Carl,Bowman Ky,Diop Ousmane,Bolmaro Leandro,Mannion Nico,Shields Shavon,Guduric Marko
4667917,128109,3,"00:27",58,66,Mannion Nico,TURNOVER,Horton Chris,Candi Leonardo,Parks Jordan,Wheatle Carl,Bowman Ky,Diop Ousmane,Bolmaro Leandro,Mannion Nico,Shields Shavon,Guduric Marko
4667919,128109,3,"00:04",61,66,Shields Shavon,PERSONAL_FOUL,Horton Chris,Candi Leonardo,Parks Jordan,Wheatle Carl,Bowman Ky,Diop Ousmane,Bolmaro Leandro,Mannion Nico,Shields Shavon,Guduric Marko
4667927,128109,3,"00:02",62,66,Bolmaro Leandro,PERSONAL_FOUL_RECEIVED,Candi Leonardo,Nikolic Stefan,Parks Jordan,Wheatle Carl,Bowman Ky,Diop Ousmane,Bolmaro Leandro,Ricci Giampaolo,Mannion Nico,Guduric Marko
4667928,128109,3,"00:01",62,66,Mannion Nico,THREE_POINT_MISSED,Candi Leonardo,Nikolic Stefan,Parks Jordan,Wheatle Carl,Bowman Ky,Diop Ousmane,Bolmaro Leandro,Ricci Giampaolo,Mannion Nico,Guduric Marko
4667932,128109,4,"09:36",62,66,Bolmaro Leandro,DEFENSIVE_REBOUND,Horton Chris,Candi Leonardo,Parks Jordan,Wheatle Carl,Bowman Ky,Diop Ousmane,Bolmaro Leandro,Ricci Giampaolo,Mannion Nico,Guduric Marko
4667934,128109,4,"09:14",62,66,Bolmaro Leandro,PERSONAL_FOUL_RECEIVED,Horton Chris,Candi Leonardo,Parks Jordan,Wheatle Carl,Bowman Ky,Diop Ousmane,Bolmaro Leandro,Ricci Giampaolo,Mannion Nico,Guduric Marko
4667935,128109,4,"09:08",62,66,Bolmaro Leandro,TURNOVER,Horton Chris,Candi Leonardo,Parks Jordan,Wheatle Carl,Bowman Ky,Diop Ousmane,Bolmaro Leandro,Ricci Giampaolo,Mannion Nico,Guduric Marko
4667937,128109,4,"09:04",62,66,Guduric Marko,PERSONAL_FOUL,Horton Chris,Candi Leonardo,Parks Jordan,Wheatle Carl,Bowman Ky,Diop Ousmane,Bolmaro Leandro,Ricci Giampaolo,Mannion Nico,Guduric Marko
4667941,128109,4,"08:58",62,66,Diop Ousmane,PERSONAL_FOUL_RECEIVED,Horton Chris,Candi Leonardo,Parks Jordan,Wheatle Carl,Bowman Ky,Diop Ousmane,Bolmaro Leandro,Ricci Giampaolo,Mannion Nico,Guduric Marko
4667942,128109,4,"08:43",62,69,Ricci Giampaolo,THREE_POINT_MADE,Horton Chris,Candi Leonardo,Parks Jordan,Wheatle Carl,Bowman Ky,Diop Ousmane,Bolmaro Leandro,Ricci Giampaolo,Mannion Nico,Guduric Marko
4667943,128109,4,"08:43",62,69,Guduric Marko,ASSIST,Horton Chris,Candi Leonardo,Parks Jordan,Wheatle Carl,Bowman Ky,Diop Ousmane,Bolmaro Leandro,Ricci Giampaolo,Mannion Nico,Guduric Marko
4667945,128109,4,"08:06",65,71,Bolmaro Leandro,TWO_POINT_MADE,Horton Chris,Candi Leonardo,Parks Jordan,Wheatle Carl,Bowman Ky,Diop Ousmane,Bolmaro Leandro,Ricci Giampaolo,Mannion Nico,Guduric Marko
4667947,128109,4,"07:52",65,71,Diop Ousmane,BLOCK,Horton Chris,Candi Leonardo,Parks Jordan,Wheatle Carl,Bowman Ky,Diop Ousmane,Bolmaro Leandro,Ricci Giampaolo,Mannion Nico,Guduric Marko
4667949,128109,4,"07:52",65,71,Ricci Giampaolo,DEFENSIVE_REBOUND,Horton Chris,Candi Leonardo,Parks Jordan,Wheatle Carl,Bowman Ky,Diop Ousmane,Bolmaro Leandro,Ricci Giampaolo,Mannion Nico,Guduric Marko
4667950,128109,4,"07:34",65,74,Ricci Giampaolo,THREE_POINT_MADE,Horton Chris,Candi Leonardo,Parks Jordan,Wheatle Carl,Bowman Ky,Diop Ousmane,Bolmaro Leandro,Ricci Giampaolo,Mannion Nico,Guduric Marko
4667951,128109,4,"07:34",65,74,Mannion Nico,ASSIST,Horton Chris,Candi Leonardo,Parks Jordan,Wheatle Carl,Bowman Ky,Diop Ousmane,Bolmaro Leandro,Ricci Giampaolo,Mannion Nico,Guduric Marko
4667955,128109,4,"07:23",65,74,TeamB Player,DEFENSIVE_REBOUND,Horton Chris,Cole R.J.,Parks Jordan,Wheatle Carl,Bowman Ky,Diop Ousmane,Bolmaro Leandro,Ricci Giampaolo,Mannion Nico,Guduric Marko
4667957,128109,4,"07:23",65,74,Ricci Giampaolo,PERSONAL_FOUL_RECEIVED,Horton Chris,Cole R.J.,Parks Jordan,Wheatle Carl,Bowman Ky,Diop Ousmane,Bolmaro Leandro,Ricci Giampaolo,Mannion Nico,Guduric Marko
4667958,128109,4,"07:09",65,76,Diop Ousmane,TWO_POINT_MADE,Horton Chris,Cole R.J.,Parks Jordan,Wheatle Carl,Bowman Ky,Diop Ousmane,Bolmaro Leandro,Ricci Giampaolo,Mannion Nico,Guduric Marko
4667959,128109,4,"07:09",65,76,Mannion Nico,ASSIST,Horton Chris,Cole R.J.,Parks Jordan,Wheatle Carl,Bowman Ky,Diop Ousmane,Bolmaro Leandro,Ricci Giampaolo,Mannion Nico,Guduric Marko
4667960,128109,4,"07:02",65,76,Mannion Nico,PERSONAL_FOUL,Horton Chris,Cole R.J.,Parks Jordan,Wheatle Carl,Bowman Ky,Diop Ousmane,Bolmaro Leandro,Ricci Giampaolo,Mannion Nico,Guduric Marko
4667965,128109,4,"06:51",65,76,Ricci Giampaolo,STEAL,Cole R.J.,Tessitori Amedeo,Parks Jordan,Wheatle Carl,Bowman Ky,Diop Ousmane,Bolmaro Leandro,Ricci Giampaolo,Mannion Nico,Guduric Marko
4667966,128109,4,"06:33",65,76,Guduric Marko,TURNOVER,Cole R.J.,Tessitori Amedeo,Parks Jordan,Wheatle Carl,Bowman Ky,Diop Ousmane,Bolmaro Leandro,Ricci Giampaolo,Mannion Nico,Guduric Marko
4667971,128109,4,"06:12",68,76,Bolmaro Leandro,PERSONAL_FOUL_RECEIVED,Cole R.J.,Tessitori Amedeo,Parks Jordan,Wheatle Carl,Bowman Ky,Diop Ousmane,Bolmaro Leandro,Ricci Giampaolo,Mannion Nico,Guduric Marko
4667972,128109,4,"06:08",68,76,Bolmaro Leandro,TURNOVER,Cole R.J.,Tessitori Amedeo,Parks Jordan,Wheatle Carl,Bowman Ky,Diop Ousmane,Bolmaro Leandro,Ricci Giampaolo,Mannion Nico,Guduric Marko
4667975,128109,4,"06:01",68,76,Nebo Josh,PERSONAL_FOUL,Cole R.J.,Tessitori Amedeo,Parks Jordan,Wheatle Carl,Bowman Ky,Bolmaro Leandro,Ricci Giampaolo,Mannion Nico,Guduric Marko,Nebo Josh
4667980,128109,4,"05:45",69,76,Guduric Marko,THREE_POINT_MISSED,Cole R.J.,Tessitori Amedeo,Parks Jordan,Wheatle Carl,Bowman Ky,Bolmaro Leandro,Ricci Giampaolo,Mannion Nico,Guduric Marko,Nebo Josh
4667983,128109,4,"05:32",69,76,Ricci Giampaolo,DEFENSIVE_REBOUND,Cole R.J.,Tessitori Amedeo,Parks Jordan,Wheatle Carl,Bowman Ky,Bolmaro Leandro,Ricci Giampaolo,Mannion Nico,Guduric Marko,Nebo Josh
4667984,128109,4,"05:18",69,76,Guduric Marko,THREE_POINT_MISSED,Cole R.J.,Tessitori Amedeo,Parks Jordan,Wheatle Carl,Bowman Ky,Bolmaro Leandro,Ricci Giampaolo,Mannion Nico,Guduric Marko,Nebo Josh
4667985,128109,4,"05:18",69,76,Ricci Giampaolo,OFFENSIVE_REBOUND,Cole R.J.,Tessitori Amedeo,Parks Jordan,Wheatle Carl,Bowman Ky,Bolmaro Leandro,Ricci Giampaolo,Mannion Nico,Guduric Marko,Nebo Josh
4667986,128109,4,"05:05",69,76,Nebo Josh,TWO_POINT_MISSED,Cole R.J.,Tessitori Amedeo,Parks Jordan,Wheatle Carl,Bowman Ky,Bolmaro Leandro,Ricci Giampaolo,Mannion Nico,Guduric Marko,Nebo Josh
4667988,128109,4,"05:05",69,76,Nebo Josh,BLOCK_AGAINST,Cole R.J.,Tessitori Amedeo,Parks Jordan,Wheatle Carl,Bowman Ky,Bolmaro Leandro,Ricci Giampaolo,Mannion Nico,Guduric Marko,Nebo Josh
4667989,128109,4,"05:05",69,76,TeamB Player,OFFENSIVE_REBOUND,Cole R.J.,Tessitori Amedeo,Parks Jordan,Wheatle Carl,Bowman Ky,Bolmaro Leandro,Ricci Giampaolo,Mannion Nico,Guduric Marko,Nebo Josh
4667992,128109,4,"05:04",69,76,Brooks Armoni,TURNOVER,Cole R.J.,Tessitori Amedeo,Parks Jordan,Wheatle Carl,Bowman Ky,Bolmaro Leandro,Ricci Giampaolo,Mannion Nico,Nebo Josh,Brooks Armoni
4667993,128109,4,"04:57",69,76,Bolmaro Leandro,PERSONAL_FOUL,Cole R.J.,Tessitori Amedeo,Parks Jordan,Wheatle Carl,Bowman Ky,Bolmaro Leandro,Ricci Giampaolo,Mannion Nico,Nebo Josh,Brooks Armoni
4667997,128109,4,"04:44",69,76,Mannion Nico,PERSONAL_FOUL_RECEIVED,Cole R.J.,Tessitori Amedeo,Parks Jordan,Wheatle Carl,Bowman Ky,Bolmaro Leandro,Ricci Giampaolo,Mannion Nico,Nebo Josh,Brooks Armoni
4667998,128109,4,"04:25",69,76,Bolmaro Leandro,TWO_POINT_MISSED,Cole R.J.,Tessitori Amedeo,Parks Jordan,Wheatle Carl,Bowman Ky,Bolmaro Leandro,Ricci Giampaolo,Mannion Nico,Nebo Josh,Brooks Armoni
4667999,128109,4,"04:25",69,76,Nebo Josh,OFFENSIVE_REBOUND,Cole R.J.,Tessitori Amedeo,Parks Jordan,Wheatle Carl,Bowman Ky,Bolmaro Leandro,Ricci Giampaolo,Mannion Nico,Nebo Josh,Brooks Armoni
4668000,128109,4,"04:18",69,78,Nebo Josh,TWO_POINT_MADE,Cole R.J.,Tessitori Amedeo,Parks Jordan,Wheatle Carl,Bowman Ky,Bolmaro Leandro,Ricci Giampaolo,Mannion Nico,Nebo Josh,Brooks Armoni
4668001,128109,4,"04:10",69,78,Ricci Giampaolo,PERSONAL_FOUL,Cole R.J.,Tessitori Amedeo,Parks Jordan,Wheatle Carl,Bowman Ky,Bolmaro Leandro,Ricci Giampaolo,Mannion Nico,Nebo Josh,Brooks Armoni
4668005,128109,4,"04:10",70,78,Nebo Josh,DEFENSIVE_REBOUND,Cole R.J.,Tessitori Amedeo,Parks Jordan,Wheatle Carl,Bowman Ky,Bolmaro Leandro,Ricci Giampaolo,Mannion Nico,Nebo Josh,Brooks Armoni
4668006,128109,4,"03:52",70,78,Mannion Nico,TWO_POINT_MISSED,Cole R.J.,Tessitori Amedeo,Parks Jordan,Wheatle Carl,Bowman Ky,Bolmaro Leandro,Ricci Giampaolo,Mannion Nico,Nebo Josh,Brooks Armoni
4668013,128109,4,"03:34",73,78,Brooks Armoni,PERSONAL_FOUL_RECEIVED,Cole R.J.,Tessitori Amedeo,Parks Jordan,Wheatle Carl,Bowman Ky,Bolmaro Leandro,Ricci Giampaolo,Shields Shavon,Nebo Josh,Brooks Armoni
4668014,128109,4,"03:34",73,79,Brooks Armoni,FREE_THROW_MADE,Cole R.J.,Tessitori Amedeo,Parks Jordan,Wheatle Carl,Bowman Ky,Bolmaro Leandro,Ricci Giampaolo,Shields Shavon,Nebo Josh,Brooks Armoni
4668015,128109,4,"03:34",73,79,Brooks Armoni,FREE_THROW_MISSED,Cole R.J.,Tessitori Amedeo,Parks Jordan,Wheatle Carl,Bowman Ky,Bolmaro Leandro,Ricci Giampaolo,Shields Shavon,Nebo Josh,Brooks Armoni
4668018,128109,4,"03:18",76,79,Shields Shavon,PERSONAL_FOUL,Cole R.J.,Tessitori Amedeo,Parks Jordan,Wheatle Carl,Bowman Ky,Bolmaro Leandro,Ricci Giampaolo,Shields Shavon,Nebo Josh,Brooks Armoni
4668023,128109,4,"03:04",77,82,Brooks Armoni,THREE_POINT_MADE,Cole R.J.,Tessitori Amedeo,Parks Jordan,Wheatle Carl,Bowman Ky,Bolmaro Leandro,Ricci Giampaolo,Guduric Marko,Nebo Josh,Brooks Armoni
4668024,128109,4,"03:04",77,82,Bolmaro Leandro,ASSIST,Cole R.J.,Tessitori Amedeo,Parks Jordan,Wheatle Carl,Bowman Ky,Bolmaro Leandro,Ricci Giampaolo,Guduric Marko,Nebo Josh,Brooks Armoni
4668025,128109,4,"02:49",77,82,Brooks Armoni,PERSONAL_FOUL,Cole R.J.,Tessitori Amedeo,Parks Jordan,Wheatle Carl,Bowman Ky,Bolmaro Leandro,Ricci Giampaolo,Guduric Marko,Nebo Josh,Brooks Armoni
4668029,128109,4,"02:33",78,82,Bolmaro Leandro,THREE_POINT_MISSED,Cole R.J.,Tessitori Amedeo,Parks Jordan,Wheatle Carl,Bowman Ky,Bolmaro Leandro,Ricci Giampaolo,Guduric Marko,Nebo Josh,Brooks Armoni
4668032,128109,4,"01:59",80,84,Bolmaro Leandro,TWO_POINT_MADE,Cole R.J.,Tessitori Amedeo,Parks Jordan,Wheatle Carl,Bowman Ky,Bolmaro Leandro,Ricci Giampaolo,Guduric Marko,Nebo Josh,Brooks Armoni
4668036,128109,4,"01:24",82,84,Brooks Armoni,PERSONAL_FOUL_RECEIVED,Cole R.J.,Tessitori Amedeo,Parks Jordan,Wheatle Carl,Bowman Ky,Bolmaro Leandro,Ricci Giampaolo,Guduric Marko,Nebo Josh,Brooks Armoni
4668037,128109,4,"01:24",82,85,Brooks Armoni,FREE_THROW_MADE,Cole R.J.,Tessitori Amedeo,Parks Jordan,Wheatle Carl,Bowman Ky,Bolmaro Leandro,Ricci Giampaolo,Guduric Marko,Nebo Josh,Brooks Armoni
4668038,128109,4,"01:24",82,86,Brooks Armoni,FREE_THROW_MADE,Cole R.J.,Tessitori Amedeo,Parks Jordan,Wheatle Carl,Bowman Ky,Bolmaro Leandro,Ricci Giampaolo,Guduric Marko,Nebo Josh,Brooks Armoni
4668039,128109,4,"01:24",82,87,Brooks Armoni,FREE_THROW_MADE,Cole R.J.,Tessitori Amedeo,Parks Jordan,Wheatle Carl,Bowman Ky,Bolmaro Leandro,Ricci Giampaolo,Guduric Marko,Nebo Josh,Brooks Armoni
4668041,128109,4,"01:10",82,87,Ricci Giampaolo,DEFENSIVE_REBOUND,Cole R.J.,Tessitori Amedeo,Parks Jordan,Wheatle Carl,Bowman Ky,Bolmaro Leandro,Ricci Giampaolo,Guduric Marko,Nebo Josh,Brooks Armoni
4668042,128109,4,"00:52",82,87,Brooks Armoni,TURNOVER,Cole R.J.,Tessitori Amedeo,Parks Jordan,Wheatle Carl,Bowman Ky,Bolmaro Leandro,Ricci Giampaolo,Guduric Marko,Nebo Josh,Brooks Armoni
4668045,128109,4,"00:39",82,87,Nebo Josh,PERSONAL_FOUL,Cole R.J.,Tessitori Amedeo,Parks Jordan,Wheatle Carl,Bowman Ky,Bolmaro Leandro,Ricci Giampaolo,Guduric Marko,Nebo Josh,Brooks Armoni
4668049,128109,4,"00:17",83,87,Bolmaro Leandro,TWO_POINT_MISSED,Cole R.J.,Tessitori Amedeo,Parks Jordan,Wheatle Carl,Bowman Ky,Bolmaro Leandro,Ricci Giampaolo,Guduric Marko,Nebo Josh,Brooks Armoni
4668059,128109,4,"00:04",85,88,Brooks Armoni,FREE_THROW_MADE,Candi Leonardo,Cole R.J.,Parks Jordan,Wheatle Carl,Bowman Ky,Bolmaro Leandro,Ricci Giampaolo,Mannion Nico,Guduric Marko,Brooks Armoni
4668061,128109,4,"00:03",85,88,Mannion Nico,PERSONAL_FOUL_RECEIVED,Candi Leonardo,Cole R.J.,Parks Jordan,Wheatle Carl,Bowman Ky,Bolmaro Leandro,Ricci Giampaolo,Mannion Nico,Guduric Marko,Brooks Armoni
4668062,128109,4,"00:03",85,89,Mannion Nico,FREE_THROW_MADE,Candi Leonardo,Cole R.J.,Parks Jordan,Wheatle Carl,Bowman Ky,Bolmaro Leandro,Ricci Giampaolo,Mannion Nico,Guduric Marko,Brooks Armoni
4668063,128109,4,"00:03",85,90,Mannion Nico,FREE_THROW_MADE,Candi Leonardo,Cole R.J.,Parks Jordan,Wheatle Carl,Bowman Ky,Bolmaro Leandro,Ricci Giampaolo,Mannion Nico,Guduric Marko,Brooks Armoni
