Timeline,Start time,Duration,Row,Original Instance,BOB,COMMENTS,CP,D COVERAGES,D KIND OF SCREEN,D POST UP,D ROLL,D SCREEN LOCATION,D SCREENER,D SITUATION,GENERATOR,GRAVITY HANDLER PLAYER,GRAVITY SCREENER,GRAVITY SCREENER PLAYER,HANDLER GRAVITY,MOVES,O COVERAGES,O KIND OF SCREEN,O POST UP,O ROLL,O SCREEN LOCATION,O SCREENER,OPPONENTS PLAY CALLS,PAINT TOUCHES,PLAN/BROKEN PLAY,PLAY CALLS,PLAYER PT,PLAYERS,PLAYERS 2ND,PRESSING,QUALITY,QUARTER,RESULTS,RESULTS 2ND,SITUATION,SOB,SPECIAL,Shot Location,VIDEO,ZONE,Ungrouped,Notes,Flags,ocr_quarter,start_time_game_clock,player_name,action,action_game_clock,shot_clock,team1_score,team2_score,team1_p1_name,team1_p2_name,team1_p3_name,team1_p4_name,team1_p5_name,team2_p1_name,team2_p2_name,team2_p3_name,team2_p4_name,team2_p5_name
Venezia - Olimpia Milano 26-04-26,11.024596448,17.340320661,OFFENSE,OFFENSE: 1,,,,,,,,,,,,#31 Shields Shavon,SCREENER,#32 Nebo Josh,HANDLER,L RIP DRIVE,HEDGE,,,,STACK SIDE L,5,,DR P,,25 HEAD,,#16 Le Day Zach,#31 Shields Shavon,,2,1 Q,IN-,,P&R 1on1,,,Paint,Y,,,,,,,,,,,,,,,,,,,,,,
Venezia - Olimpia Milano 26-04-26,47.712769278,22.183086930330056,OFFENSE,OFFENSE: 2,,,,,,,,,,,,#3 Ellis Quinn,SCREENER,#16 Le Day Zach,HANDLER,L DRIVE OP DR.,HEDGE,SLIP,,POP,SLOT R,4,,,,5,,#3 Ellis Quinn,,,5,1 Q,2-2 FT,,P&R Handler,,,Rim,Y,,,,,1,09:27,Ellis Quinn,PERSONAL_FOUL_RECEIVED,09:11,9,0,0,Valentine Denzel,Wiltjer Kyle,Cole R.J.,Tessitori Amedeo,Parks Jordan,LeDay Zach,Ellis Quinn,Shields Shavon,Nebo Josh,Brooks Armoni
Venezia - Olimpia Milano 26-04-26,118.038560008,11.451011266000009,OFFENSE,OFFENSE: 3,,,,,,,,,,,,,,,,R PU ST,,,,,,,,,,FREE LANCE,,#31 Shields Shavon,,,1,1 Q,2P+,,1on1,,,Right Wing Mid-Range,Y,,,,,1,08:53,Shields Shavon,TWO_POINT_MADE,08:46,18,0,4,Valentine Denzel,Wiltjer Kyle,Cole R.J.,Tessitori Amedeo,Parks Jordan,LeDay Zach,Ellis Quinn,Shields Shavon,Nebo Josh,Brooks Armoni
Venezia - Olimpia Milano 26-04-26,148.977199196,9.060854109000019,OFFENSE,OFFENSE: 4,,,,,,,,,,,FB,#31 Shields Shavon,SCREENER,#32 Nebo Josh,HANDLER,,DROP,,,,SLOT L,5,,P&R,,5,#31 Shields Shavon,#31 Shields Shavon,,,1,1 Q,TO,,P&R Handler,,,Paint,Y,,,,,1,08:23,Shields Shavon,TURNOVER,08:15,17,0,4,Valentine Denzel,Wiltjer Kyle,Cole R.J.,Tessitori Amedeo,Parks Jordan,LeDay Zach,Ellis Quinn,Shields Shavon,Nebo Josh,Brooks Armoni
Venezia - Olimpia Milano 26-04-26,166.897459422,20.167096119000007,OFFENSE,OFFENSE: 5,,,,,,,,,,,"FB, FB",#12 Brooks Armoni,SCREENER,#16 Le Day Zach,HANDLER,R DRIVE OP DR.,SWITCH 1on1,,,POP,TOP R,4,,P&R,,AWAY SHORT 4,#12 Brooks Armoni,#12 Brooks Armoni,,,3,1 Q,IN-,,P&R Handler,,,Rim,Y,,,,,1,08:05,Brooks Armoni,TWO_POINT_MISSED,07:47,10,3,4,Valentine Denzel,Wiltjer Kyle,Cole R.J.,Tessitori Amedeo,Parks Jordan,LeDay Zach,Ellis Quinn,Shields Shavon,Nebo Josh,Brooks Armoni
Venezia - Olimpia Milano 26-04-26,193.878502445,19.148926568999997,OFFENSE,OFFENSE: 6,,,,,,,,,,,,#3 Ellis Quinn,SCREENER,#32 Nebo Josh,HANDLER,ALLEY OOP,DROP,,,,,5,,ROLL,,5,#32 Nebo Josh,#32 Nebo Josh,#3 Ellis Quinn,,5,1 Q,IN+,PASS,P&R Screener,,,Rim,Y,,,,,1,07:37,Nebo Josh,TWO_POINT_MADE,07:22,10,5,6,Valentine Denzel,Wiltjer Kyle,Cole R.J.,Tessitori Amedeo,Parks Jordan,LeDay Zach,Ellis Quinn,Shields Shavon,Nebo Josh,Brooks Armoni
Venezia - Olimpia Milano 26-04-26,234.628675539,17.988881711999994,OFFENSE,OFFENSE: 7,,,,,,,,,,,"FB, FB",#31 Shields Shavon,SCREENER,#16 Le Day Zach,HANDLER,,HEDGE,,,,SIDE L,4,,ROLL,,5,#16 Le Day Zach,#16 Le Day Zach,,,1,1 Q,TO,,P&R Screener,,,Left Short Corner,Y,,,,,1,06:56,LeDay Zach,TURNOVER,06:42,11,7,6,Valentine Denzel,Wiltjer Kyle,Cole R.J.,Tessitori Amedeo,Parks Jordan,LeDay Zach,Ellis Quinn,Shields Shavon,Nebo Josh,Brooks Armoni
Venezia - Olimpia Milano 26-04-26,259.004776202,13.953055831999961,OFFENSE,OFFENSE: 8,,,,,,,,,,,,#12 Brooks Armoni,SCREENER,#16 Le Day Zach,HANDLER,R RIP DRIVE,DROP,,,POP,SLOT L,4,,DR P,,FLASH,#16 Le Day Zach,,,,5,1 Q,,,P&R Screener,,,Rim,Y,,,,,1,06:32,LeDay Zach,TWO_POINT_MADE,06:22,15,9,8,Valentine Denzel,Wiltjer Kyle,Cole R.J.,Tessitori Amedeo,Parks Jordan,LeDay Zach,Ellis Quinn,Shields Shavon,Nebo Josh,Brooks Armoni
Venezia - Olimpia Milano 26-04-26,326.0466246,24.468311538341993,OFFENSE,OFFENSE: 9,,,,,,,,,,,FB,#31 Shields Shavon,SCREENER,#16 Le Day Zach,HANDLER,C&S,HEDGE,,,POP,TOP R,4,,,BROKEN PLAY,AWAY SHORT 4,,#16 Le Day Zach,,,2,1 Q,3P-,,P&R Screener,,,Top of Key 3,Y,,,,,1,05:56,LeDay Zach,TWO_POINT_MISSED,05:36,5,12,8,Valentine Denzel,Wiltjer Kyle,Cole R.J.,Tessitori Amedeo,Parks Jordan,LeDay Zach,Ellis Quinn,Shields Shavon,Nebo Josh,Brooks Armoni
Venezia - Olimpia Milano 26-04-26,356.963532352,17.484235189000003,OFFENSE,OFFENSE: 10,,,,,,,,,,,,#31 Shields Shavon,SCREENER,#32 Nebo Josh,HANDLER,L DR + FL,REJECT,,,,STACK TOP R,5,,P&R,,HEAD,#31 Shields Shavon,#31 Shields Shavon,,,4,1 Q,IN+,,P&R Handler,,,Paint,Y,,,,,1,05:25,Shields Shavon,TWO_POINT_MADE,05:14,13,12,10,Valentine Denzel,Wiltjer Kyle,Cole R.J.,Tessitori Amedeo,Parks Jordan,LeDay Zach,Ellis Quinn,Shields Shavon,Nebo Josh,Brooks Armoni
Venezia - Olimpia Milano 26-04-26,390.061426699,10.001214363000031,OFFENSE,OFFENSE: 11,,,,,,,,,,,,#31 Shields Shavon,SCREENER,#32 Nebo Josh,HANDLER,R DRIVE OP DR.,DROP,SLIP,,,TOP R,5,,P&R,,FLASH,#31 Shields Shavon,#31 Shields Shavon,,,5,1 Q,IN+,,P&R Handler,,,Rim,Y,,,,,1,04:52,Shields Shavon,TWO_POINT_MADE,04:47,19,12,12,Valentine Denzel,Wiltjer Kyle,Cole R.J.,Tessitori Amedeo,Parks Jordan,LeDay Zach,Ellis Quinn,Shields Shavon,Nebo Josh,Brooks Armoni
Venezia - Olimpia Milano 26-04-26,411.604602714,12.843532960000005,OFFENSE,OFFENSE: 12,,,,,,,,,,,,,,,,,,,,,,,,DR P,,FB,#12 Brooks Armoni,#12 Brooks Armoni,,,5,1 Q,2-2 FT,,FB,,,Rim,Y,,,,,1,04:30,Brooks Armoni,PERSONAL_FOUL_RECEIVED,04:29,21,12,12,Valentine Denzel,Wiltjer Kyle,Cole R.J.,Tessitori Amedeo,Parks Jordan,LeDay Zach,Ellis Quinn,Shields Shavon,Nebo Josh,Brooks Armoni
Venezia - Olimpia Milano 26-04-26,551.459335775,9.933486285999948,OFFENSE,OFFENSE: 13,,,,,,,,,,,,,,,,,,,,,,,,DR P,,FB,,#31 Shields Shavon,"#3 Ellis Quinn, #31 Shields Shavon, #31 Shields Shavon",,4,1 Q,IN+,PASS,FB,,,Rim,Y,,,,,1,04:06,Shields Shavon,TWO_POINT_MADE,04:05,5,12,15,Wiltjer Kyle,Horton Chris,Cole R.J.,Parks Jordan,Bowman Ky,Ricci Giampaolo,Ellis Quinn,Shields Shavon,Guduric Marko,Nebo Josh
Venezia - Olimpia Milano 26-04-26,595.810924634,16.485189754999965,OFFENSE,OFFENSE: 14,,,,,,,,,,,"FB, FB",#31 Shields Shavon,SCREENER,#32 Nebo Josh,HANDLER,C&S,DROP,,,,STACK TOP R,5,,ROLL,,AWAY HEAD,#32 Nebo Josh,#3 Ellis Quinn,#31 Shields Shavon,,4,1 Q,3P-,PASS,P&R Spot up,,,Left Corner 3,Y,,,,,1,03:37,Ellis Quinn,THREE_POINT_MISSED,03:28,16,12,15,Wiltjer Kyle,Horton Chris,Cole R.J.,Parks Jordan,Bowman Ky,Ricci Giampaolo,Ellis Quinn,Shields Shavon,Guduric Marko,Nebo Josh
Venezia - Olimpia Milano 26-04-26,701.566333334,18.886571495,OFFENSE,OFFENSE: 15,,,,,,,,,,,,#23 Guduric Marko,SCREENER,#32 Nebo Josh,HANDLER,DUNK,DEEP DROP,,,,TOP R,5,,DR P,,FREE LANCE,#3 Ellis Quinn,#32 Nebo Josh,#3 Ellis Quinn,ZONE,5,1 Q,IN+,PASS,P&R Screener,,,Rim,Y,,,,,1,03:14,Nebo Josh,TWO_POINT_MADE,03:10,20,14,17,Wiltjer Kyle,Horton Chris,Cole R.J.,Parks Jordan,Bowman Ky,Bolmaro Leandro,Ricci Giampaolo,Ellis Quinn,Guduric Marko,Nebo Josh
Venezia - Olimpia Milano 26-04-26,730.998171355,15.98045034800009,OFFENSE,OFFENSE: 16,,,,,,,,,,,,,,,,L DRIVE OP DR.,,,,,,,,DR P,,FB,#3 Ellis Quinn,#3 Ellis Quinn,,,1,1 Q,IN-,,FB,,,Rim,Y,,,,,1,02:45,Ellis Quinn,TWO_POINT_MISSED,02:50,18,14,17,Wiltjer Kyle,Horton Chris,Cole R.J.,Parks Jordan,Bowman Ky,Bolmaro Leandro,Ricci Giampaolo,Ellis Quinn,Guduric Marko,Nebo Josh
Venezia - Olimpia Milano 26-04-26,775.861788873,18.340271747999964,OFFENSE,OFFENSE: 17,BOB 1 BLUE,,,,,,,,,,OR,,,,,C&S EX L-R,CHASE,,,,,,,,,,,#10 Bolmaro Leandro,,,2,1 Q,2P-,,SCREENS G,,,Right Short Corner,Y,,,,,1,02:35,Bolmaro Leandro,TWO_POINT_MADE,01:41,6,14,21,Wiltjer Kyle,Horton Chris,Candi Leonardo,Wheatle Carl,Bowman Ky,Bolmaro Leandro,Ricci Giampaolo,Mannion Nico,Guduric Marko,Nebo Josh
Venezia - Olimpia Milano 26-04-26,794.202060621,16.892018711981336,OFFENSE,OFFENSE: 18,,,,,,,,,,,,,,,,,,,,,,,,,,OR,,#23 Guduric Marko,,,,1 Q,F,,OR,,,Right Corner 3,Y,,,,,1,02:34,Guduric Marko,PERSONAL_FOUL_RECEIVED,02:34,14,14,17,Wiltjer Kyle,Horton Chris,Candi Leonardo,Parks Jordan,Bowman Ky,Bolmaro Leandro,Ricci Giampaolo,Mannion Nico,Guduric Marko,Nebo Josh
Venezia - Olimpia Milano 26-04-26,826.141327787,11.476368799999932,OFFENSE,OFFENSE: 19,,,,,,,,,,,,#23 Guduric Marko,SCREENER,#32 Nebo Josh,HANDLER,ALLEY OOP,DROP,,,,STACK TOP L,5,,ROLL,,,#32 Nebo Josh,#32 Nebo Josh,,,5,1 Q,IN+,,P&R Screener,SOB AWAY 1 HEAD,,Rim,Y,,,,,1,02:27,Nebo Josh,TWO_POINT_MADE,02:28,11,14,19,Wiltjer Kyle,Horton Chris,Candi Leonardo,Wheatle Carl,Bowman Ky,Bolmaro Leandro,Ricci Giampaolo,Mannion Nico,Guduric Marko,Nebo Josh
Venezia - Olimpia Milano 26-04-26,876.888668202,23.790779939999993,OFFENSE,OFFENSE: 20,,,,,,,,,,,,#10 Bolmaro Leandro,SCREENER,#32 Nebo Josh,HANDLER,L DRIVE OP DR.,HEDGE,,,,STACK TOP L,5,,P&R,"BROKEN PLAY, BROKEN PLAY",HEAD,#10 Bolmaro Leandro,#10 Bolmaro Leandro,,,5,1 Q,IN+,,P&R Handler,,,Rim,Y,,,,,1,02:01,Bolmaro Leandro,TWO_POINT_MADE,01:41,6,14,21,Wiltjer Kyle,Horton Chris,Candi Leonardo,Wheatle Carl,Bowman Ky,Bolmaro Leandro,Ricci Giampaolo,Mannion Nico,Guduric Marko,Nebo Josh
Venezia - Olimpia Milano 26-04-26,918.494224242,8.30486229500002,OFFENSE,OFFENSE: 21,,,,,,,,,,,,,,,,"C&S, C&S",,,,,,,,DR P,,FB,#23 Guduric Marko,#17 Ricci Giampaolo,,,5,1 Q,3P+,,FB,,,Right Wing 3,Y,,,,,1,01:18,Ricci Giampaolo,THREE_POINT_MADE,01:16,22,14,24,Wiltjer Kyle,Horton Chris,Candi Leonardo,Wheatle Carl,Bowman Ky,Bolmaro Leandro,Ricci Giampaolo,Mannion Nico,Guduric Marko,Nebo Josh
Venezia - Olimpia Milano 26-04-26,959.297402689,20.81232985500003,OFFENSE,OFFENSE: 22,,,,,,,,,,,,#23 Guduric Marko,SCREENER,#25 Diop Ousmane,HANDLER,R PU ATT,DROP,SLIP,,,,5,,P&R,,L SIDE,#23 Guduric Marko,#23 Guduric Marko,,MAN,2,1 Q,2P-,,P&R Handler,,,Right Wing Mid-Range,Y,,,,,1,01:00,Guduric Marko,TWO_POINT_MISSED,00:43,,14,24,Horton Chris,Candi Leonardo,Nikolic Stefan,Wheatle Carl,Bowman Ky,Diop Ousmane,Bolmaro Leandro,Ricci Giampaolo,Mannion Nico,Guduric Marko
Venezia - Olimpia Milano 26-04-26,1020.110287787,27.91437555599998,OFFENSE,OFFENSE: 23,,,,,,,,,,,,#10 Bolmaro Leandro,SCREENER,#25 Diop Ousmane,HANDLER,C&S,DROP,,,,STACK TOP R,5,,P&R,,HEAD,#10 Bolmaro Leandro,#23 Guduric Marko,,,5,1 Q,3P+,,P&R Spot up,,,Left Corner 3,Y,,,,,1,01:00,Guduric Marko,TWO_POINT_MISSED,00:43,,14,24,Horton Chris,Candi Leonardo,Nikolic Stefan,Wheatle Carl,Bowman Ky,Diop Ousmane,Bolmaro Leandro,Ricci Giampaolo,Mannion Nico,Guduric Marko
Venezia - Olimpia Milano 26-04-26,1078.405463576,14.254818784000008,OFFENSE,OFFENSE: 24,,,,,,,,,,,,,,,,R LAY UP,,,,,,,,CUT,,ATO,#10 Bolmaro Leandro,#10 Bolmaro Leandro,#23 Guduric Marko,,5,2 Q,IN+,PASS,INSIDE  CUT,,ATO,Rim,Y,,,,,2,09:48,Bolmaro Leandro,TWO_POINT_MADE,09:33,11,14,29,Horton Chris,Candi Leonardo,Nikolic Stefan,Wheatle Carl,Bowman Ky,Diop Ousmane,Bolmaro Leandro,Ricci Giampaolo,Mannion Nico,Guduric Marko
Venezia - Olimpia Milano 26-04-26,1097.939436874,12.254518793999978,OFFENSE,OFFENSE: 25,,,,,,,,,,,OR,#1 Mannion Nico,SCREENER,#25 Diop Ousmane,HANDLER,C&S,DROP,FLIP,,,STACK TOP R,5,,,,HEAD,,#23 Guduric Marko,,,5,2 Q,3P-,,P&R Spot up,,,Left Wing 3,Y,,,,,2,09:27,Guduric Marko,THREE_POINT_MISSED,09:14,8,14,29,Horton Chris,Candi Leonardo,Nikolic Stefan,Wheatle Carl,Bowman Ky,Diop Ousmane,Bolmaro Leandro,Ricci Giampaolo,Mannion Nico,Guduric Marko
Venezia - Olimpia Milano 26-04-26,1110.193955668,4.094101263000084,OFFENSE,OFFENSE: 26,,,,,,,,,,,,,,,,R LAY UP,,,,,,,,,,OR,,#25 Diop Ousmane,,,5,2 Q,IN+,,OR,,,Rim,Y,,,,,2,09:15,Diop Ousmane,TWO_POINT_MADE,09:10,23,14,31,Horton Chris,Candi Leonardo,Nikolic Stefan,Wheatle Carl,Bowman Ky,Diop Ousmane,Bolmaro Leandro,Ricci Giampaolo,Mannion Nico,Guduric Marko
Venezia - Olimpia Milano 26-04-26,1138.595059552,20.042030552999904,OFFENSE,OFFENSE: 27,,,,,,,,,,,,,,,,L RIP DRIVE,,,4,,,,,PU,,TRANSITION LP,#17 Ricci Giampaolo,#25 Diop Ousmane,,,2,2 Q,TO,,POST UP 1on1,,,,Y,,,,,2,08:59,Diop Ousmane,TURNOVER,08:38,19,14,31,Horton Chris,Candi Leonardo,Nikolic Stefan,Wheatle Carl,Bowman Ky,Diop Ousmane,Bolmaro Leandro,Ricci Giampaolo,Mannion Nico,Guduric Marko
Venezia - Olimpia Milano 26-04-26,1221.833460885,34.31127251299995,OFFENSE,OFFENSE: 28,,,,,,,,,,,OR,#1 Mannion Nico,SCREENER,#25 Diop Ousmane,HANDLER,C&S,SWITCH,,,,STACK TOP R,5,,,,HEAD,,#17 Ricci Giampaolo,,ZONE,4,2 Q,3P-,,P&R Spot up,,,Right Corner 3,Y,,,,,2,08:33,Ricci Giampaolo,THREE_POINT_MISSED,08:14,4,16,31,Horton Chris,Candi Leonardo,Cole R.J.,Nikolic Stefan,Wheatle Carl,Diop Ousmane,Bolmaro Leandro,Ricci Giampaolo,Mannion Nico,Guduric Marko
Venezia - Olimpia Milano 26-04-26,1256.144733398,20.318915514000082,OFFENSE,OFFENSE: 29,,,,,,,,,,,,#10 Bolmaro Leandro,SCREENER,#17 Ricci Giampaolo,HANDLER,L PU ATT,FLAT,SLIP,,,SLOT R,4,,P&R,,FREE LANCE OR,#10 Bolmaro Leandro,#10 Bolmaro Leandro,,,3,2 Q,2P + 0,,"OR, P&R Handler",,,FT Area,Y,,,,,2,08:13,Bolmaro Leandro,TWO_POINT_MADE,08:01,2,16,33,Horton Chris,Candi Leonardo,Cole R.J.,Nikolic Stefan,Wheatle Carl,Diop Ousmane,Bolmaro Leandro,Ricci Giampaolo,Mannion Nico,Guduric Marko
Venezia - Olimpia Milano 26-04-26,1335.668700909,33.022951080654366,OFFENSE,OFFENSE: 30,,,,,,,,,,,,#10 Bolmaro Leandro,SCREENER,#17 Ricci Giampaolo,HANDLER,R LAY UP,SWITCH LP,,,,SIDE R,4,,ROLL,,5,#17 Ricci Giampaolo,#17 Ricci Giampaolo,,MAN,5,2 Q,2-2 FT,,P&R Screener,,,Rim,Y,,,,,2,07:46,Ricci Giampaolo,PERSONAL_FOUL_RECEIVED,07:27,,18,33,Horton Chris,Candi Leonardo,Cole R.J.,Nikolic Stefan,Wheatle Carl,Diop Ousmane,Bolmaro Leandro,Ricci Giampaolo,Mannion Nico,Guduric Marko
Venezia - Olimpia Milano 26-04-26,1438.408969242,14.014473600999963,OFFENSE,OFFENSE: 31,,,,,,,,,,,,,,,,R LAY UP,,,,,,,,CUT,,ATO,#10 Bolmaro Leandro,#10 Bolmaro Leandro,#23 Guduric Marko,,5,2 Q,IN+,PASS,INSIDE  CUT,,ATO,Rim,Y,,,,,2,07:06,Bolmaro Leandro,TWO_POINT_MADE,07:00,18,18,37,Horton Chris,Candi Leonardo,Cole R.J.,Nikolic Stefan,Wheatle Carl,Diop Ousmane,Bolmaro Leandro,Ricci Giampaolo,Mannion Nico,Guduric Marko
Venezia - Olimpia Milano 26-04-26,1460.020839648,5.833210861999987,OFFENSE,OFFENSE: 32,,,,,,,,,,,FB,,,,,,,,,,,,,,,FB,,#10 Bolmaro Leandro,,,4,2 Q,3P+,,FB,,,Left Corner 3,Y,,,,,2,06:44,Bolmaro Leandro,THREE_POINT_MADE,06:44,17,18,40,Horton Chris,Candi Leonardo,Cole R.J.,Nikolic Stefan,Wheatle Carl,Diop Ousmane,Bolmaro Leandro,Ricci Giampaolo,Mannion Nico,Guduric Marko
Venezia - Olimpia Milano 26-04-26,1473.3247443749945,7.607588959005625,OFFENSE,OFFENSE: 33,,,,,,,,,,,OR,#1 Mannion Nico,SCREENER,#25 Diop Ousmane,HANDLER,R DRIVE OP DR.,DROP,SLIP,,,SLOT L,5,,,,5,,#1 Mannion Nico,,,3,2 Q,IN-,,P&R Handler,,,Rim,Y,,,,,2,06:31,Mannion Nico,TWO_POINT_MISSED,06:29,22,20,40,Horton Chris,Candi Leonardo,Cole R.J.,Nikolic Stefan,Wheatle Carl,Diop Ousmane,Bolmaro Leandro,Ricci Giampaolo,Mannion Nico,Guduric Marko
Venezia - Olimpia Milano 26-04-26,1480.932333334,5.323622832999945,OFFENSE,OFFENSE: 34,,,,,,,,,,,,,,,,R LAY UP,,,,,,,,,,OR,,#25 Diop Ousmane,,,5,2 Q,IN+,,OR,,,Rim,Y,,,,,2,06:24,Diop Ousmane,TWO_POINT_MADE,06:20,14,20,42,Horton Chris,Candi Leonardo,Cole R.J.,Nikolic Stefan,Wheatle Carl,Diop Ousmane,Bolmaro Leandro,Ricci Giampaolo,Mannion Nico,Guduric Marko
Venezia - Olimpia Milano 26-04-26,1550.380993249,11.052813791999824,OFFENSE,OFFENSE: 35,,,,,,,,,,,FB,#23 Guduric Marko,SCREENER,#17 Ricci Giampaolo,HANDLER,,TRAIL HO,,,,SIDE R,4,,,,L SIDE,,#23 Guduric Marko,,,1,2 Q,TO,,HO Handler,,,,Y,,,,,2,06:04,Guduric Marko,TURNOVER,06:02,22,20,42,Valentine Denzel,Cole R.J.,Tessitori Amedeo,Nikolic Stefan,Wheatle Carl,Diop Ousmane,Ricci Giampaolo,Mannion Nico,Shields Shavon,Guduric Marko
Venezia - Olimpia Milano 26-04-26,1588.552217576,13.678060975000108,OFFENSE,OFFENSE: 36,,,,,,,,,,,OR,#23 Guduric Marko,SCREENER,#25 Diop Ousmane,HANDLER,,HEDGE,FLIP,,SHORT ROLL,TOP R,5,,,,FLASH,,#1 Mannion Nico,,,3,2 Q,3P-,,P&R Spot up,,,Right Wing 3,Y,,,,,2,05:43,Mannion Nico,THREE_POINT_MISSED,05:36,13,22,42,Valentine Denzel,Cole R.J.,Tessitori Amedeo,Parks Jordan,Wheatle Carl,Diop Ousmane,Ricci Giampaolo,Mannion Nico,Shields Shavon,Guduric Marko
Venezia - Olimpia Milano 26-04-26,1602.230278551,8.911488115666543,OFFENSE,OFFENSE: 37,,,,,,,,,,,,,,,,,,,,,,,,,,OR,,#17 Ricci Giampaolo,,,,2 Q,F,,OR,,,,Y,,,,,2,05:29,Ricci Giampaolo,PERSONAL_FOUL_RECEIVED,05:36,13,22,42,Valentine Denzel,Cole R.J.,Tessitori Amedeo,Parks Jordan,Wheatle Carl,Diop Ousmane,Ricci Giampaolo,Mannion Nico,Shields Shavon,Guduric Marko
Venezia - Olimpia Milano 26-04-26,1629.9190777777778,12.695134294222271,OFFENSE,OFFENSE: 38,BOB 1 BLUE,,,,,,,,,,,#23 Guduric Marko,SCREENER,#25 Diop Ousmane,HANDLER,L DRIVE OP DR.,REJECT,,,,SLOT L,5,,,,,,#23 Guduric Marko,,,5,2 Q,IN+,,P&R Handler,,,Rim,Y,,,,,2,05:27,Guduric Marko,THREE_POINT_MISSED,00:03,,39,52,Valentine Denzel,Cole R.J.,Parks Jordan,Lever Alessandro,Bowman Ky,Bolmaro Leandro,Ellis Quinn,Guduric Marko,Nebo Josh,Brooks Armoni
Venezia - Olimpia Milano 26-04-26,1692.381348429,26.460980895000148,OFFENSE,OFFENSE: 39,,,,,,,,,,,,#12 Brooks Armoni,SCREENER,#16 Le Day Zach,HANDLER,,SWITCH LP,,,,TOP R,4,,PU,,AWAY SHORT 4,#16 Le Day Zach,#32 Nebo Josh,,,5,2 Q,1-2 FT,,P&R Cut,,,Rim,Y,,,,,2,04:58,Nebo Josh,PERSONAL_FOUL_RECEIVED,04:45,11,24,44,Valentine Denzel,Cole R.J.,Tessitori Amedeo,Parks Jordan,Wheatle Carl,LeDay Zach,Ellis Quinn,Shields Shavon,Nebo Josh,Brooks Armoni
Venezia - Olimpia Milano 26-04-26,1769.636601128,14.714167097999962,OFFENSE,OFFENSE: 40,,,,,,,,,,,,#31 Shields Shavon,SCREENER,#32 Nebo Josh,HANDLER,,SWITCH LP,,,,SLOT R,5,,PU,,DRAG,#32 Nebo Josh,#32 Nebo Josh,,,2,2 Q,TO,,P&R Post up,,,,Y,,,,,2,04:26,Nebo Josh,TURNOVER,04:25,23,24,45,Valentine Denzel,Cole R.J.,Tessitori Amedeo,Parks Jordan,Wheatle Carl,LeDay Zach,Ellis Quinn,Shields Shavon,Nebo Josh,Brooks Armoni
Venezia - Olimpia Milano 26-04-26,1855.2077333333334,23.17612737566651,OFFENSE,OFFENSE: 41,,,,,,,,,,,,#3 Ellis Quinn,SCREENER,#32 Nebo Josh,HANDLER,C&S MOV. R-L,DROP,FLIP,,,TOP L,5,,P&R,,FREE LANCE,#3 Ellis Quinn,#3 Ellis Quinn,,MAN,3,2 Q,3P-,,P&R Spot up,,,Top of Key 3,Y,,,,,2,04:03,Ellis Quinn,TWO_POINT_MADE,03:01,,31,47,Valentine Denzel,Cole R.J.,Tessitori Amedeo,Parks Jordan,Bowman Ky,LeDay Zach,Ellis Quinn,Shields Shavon,Nebo Josh,Brooks Armoni
Venezia - Olimpia Milano 26-04-26,1959.255996664,27.832391555000186,OFFENSE,OFFENSE: 42,,,,,,,,,,,,,,,,R STEP BACK,SHORT HEDGE,,,,TOP R,5,,,"BROKEN PLAY, BROKEN PLAY",AWAY SIDE,,#31 Shields Shavon,,ZONE,1,2 Q,2P-,,P&R 1on1,,,Right Wing Mid-Range,Y,,,,,2,03:35,Shields Shavon,TWO_POINT_MISSED,03:22,11,28,45,Valentine Denzel,Cole R.J.,Tessitori Amedeo,Parks Jordan,Bowman Ky,LeDay Zach,Ellis Quinn,Shields Shavon,Nebo Josh,Brooks Armoni
Venezia - Olimpia Milano 26-04-26,1998.017345233,18.704354514999977,OFFENSE,OFFENSE: 43,,,,,,,,,,,,#3 Ellis Quinn,SCREENER,#32 Nebo Josh,HANDLER,L DRIVE OP DR.,DROP,,,,SLOT R,5,,P&R,,5,#3 Ellis Quinn,#3 Ellis Quinn,,,5,2 Q,2P + 1,,P&R Handler,,,Rim,Y,,,,,2,03:00,Ellis Quinn,TWO_POINT_MADE,03:01,,31,47,Valentine Denzel,Cole R.J.,Tessitori Amedeo,Parks Jordan,Bowman Ky,LeDay Zach,Ellis Quinn,Shields Shavon,Nebo Josh,Brooks Armoni
Venezia - Olimpia Milano 26-04-26,2059.722548522,22.611979317000078,OFFENSE,OFFENSE: 44,,,,,,,,,,,FB,#31 Shields Shavon,SCREENER,#32 Nebo Josh,HANDLER,FADE AWAY,DROP,,,,TOP R,5,,P&R,,AWAY,#31 Shields Shavon,#16 Le Day Zach,,,3,2 Q,2P+,,P&R 1on1,,,Left Short Corner,Y,,,,,2,02:36,LeDay Zach,TWO_POINT_MADE,02:26,14,34,50,Valentine Denzel,Cole R.J.,Tessitori Amedeo,Parks Jordan,Bowman Ky,LeDay Zach,Ellis Quinn,Shields Shavon,Nebo Josh,Brooks Armoni
Venezia - Olimpia Milano 26-04-26,2135.705612221,17.287492633000056,OFFENSE,OFFENSE: 45,,,,,,,,,,,OR,#12 Brooks Armoni,SCREENER,#32 Nebo Josh,HANDLER,C&S,HEDGE,FLIP,,SHORT ROLL,TOP L,5,,,,AWAY,,#31 Shields Shavon,,,3,2 Q,3P-,,P&R Spot up,,,Left Wing 3,Y,,,,,2,02:05,Shields Shavon,THREE_POINT_MISSED,02:00,21,38,50,Valentine Denzel,Cole R.J.,Parks Jordan,Lever Alessandro,Bowman Ky,LeDay Zach,Ellis Quinn,Shields Shavon,Nebo Josh,Brooks Armoni
Venezia - Olimpia Milano 26-04-26,2152.993104854,19.841966564999893,OFFENSE,OFFENSE: 46,,,,,,,,,,,,,,,,,,,4,,,,,,,FREE LANCE OR,,#16 Le Day Zach,,,1,2 Q,TO,,POST UP,,,,Y,,,,,2,01:47,LeDay Zach,TURNOVER,01:48,9,38,50,Valentine Denzel,Cole R.J.,Parks Jordan,Lever Alessandro,Bowman Ky,LeDay Zach,Ellis Quinn,Shields Shavon,Nebo Josh,Brooks Armoni
Venezia - Olimpia Milano 26-04-26,2259.113231306,19.805606904999877,OFFENSE,OFFENSE: 47,,,,,,,,,,,OR,#23 Guduric Marko,SCREENER,#32 Nebo Josh,HANDLER,L RIP DRIVE,HEDGE,,,,TOP L,5,,DR P,,AWAY HEAD,#10 Bolmaro Leandro,#10 Bolmaro Leandro,,,3,2 Q,IN-,,P&R 1on1,,,Paint,Y,,,,,2,01:18,Bolmaro Leandro,TWO_POINT_MISSED,01:12,17,39,50,Valentine Denzel,Cole R.J.,Parks Jordan,Lever Alessandro,Bowman Ky,Bolmaro Leandro,Ellis Quinn,Guduric Marko,Nebo Josh,Brooks Armoni
Venezia - Olimpia Milano 26-04-26,2278.918838211,4.639466093999999,OFFENSE,OFFENSE: 48,,,,,,,,,,,,,,,,R LAY UP,,,,,,,,,,OR,,#32 Nebo Josh,,,4,2 Q,2P-,,OR,,,Rim,Y,,,,,2,01:00,Nebo Josh,TWO_POINT_MISSED,01:08,13,39,50,Valentine Denzel,Cole R.J.,Parks Jordan,Lever Alessandro,Bowman Ky,Bolmaro Leandro,Ellis Quinn,Guduric Marko,Nebo Josh,Brooks Armoni
Venezia - Olimpia Milano 26-04-26,2290.761427547,14.54362156299976,OFFENSE,OFFENSE: 49,,,,,,,,,,,,#10 Bolmaro Leandro,SCREENER,#32 Nebo Josh,HANDLER,R PU ATT,REJECT,,,,STACK TOP L,5,,P&R,,HEAD,#10 Bolmaro Leandro,#10 Bolmaro Leandro,,,3,2 Q,2P+,,P&R Handler,,,FT Area,Y,,,,,2,01:00,Bolmaro Leandro,TWO_POINT_MADE,00:48,,39,52,Valentine Denzel,Cole R.J.,Parks Jordan,Lever Alessandro,Bowman Ky,Bolmaro Leandro,Ellis Quinn,Guduric Marko,Nebo Josh,Brooks Armoni
Venezia - Olimpia Milano 26-04-26,2328.197992112,10.87635516399996,OFFENSE,OFFENSE: 50,,,,,,,,,,,,,,,,L PU ST,,,,,,,,,,EOQ,,#23 Guduric Marko,,,1,2 Q,3P-,,1on1,,,Top of Key 3,Y,,,,,2,01:00,Guduric Marko,THREE_POINT_MISSED,00:03,,39,52,Valentine Denzel,Cole R.J.,Parks Jordan,Lever Alessandro,Bowman Ky,Bolmaro Leandro,Ellis Quinn,Guduric Marko,Nebo Josh,Brooks Armoni
Venezia - Olimpia Milano 26-04-26,2363.422217383,25.79276152400007,OFFENSE,OFFENSE: 51,,,,,,,,,,,,#10 Bolmaro Leandro,SCREENER,#12 Brooks Armoni,HANDLER,L PU ST,SWITCH 1on1,GHOST,,,ELBOW R,SMALL,,,,24 BLUE,,#10 Bolmaro Leandro,,,2,3 Q,2P+,,P&R Handler,,,FT Area,Y,,,,,2,01:00,Bolmaro Leandro,THREE_POINT_MISSED,00:59,,58,66,Horton Chris,Candi Leonardo,Parks Jordan,Wheatle Carl,Bowman Ky,Diop Ousmane,Bolmaro Leandro,Mannion Nico,Shields Shavon,Guduric Marko
Venezia - Olimpia Milano 26-04-26,2403.420410374,27.870189625999956,OFFENSE,OFFENSE: 52,,,,,,,,,,,,#3 Ellis Quinn,SCREENER,#17 Ricci Giampaolo,HANDLER,,HEDGE,TOUCH,,SHORT ROLL,TOP R,4,,,,RUB 4,,#17 Ricci Giampaolo,#3 Ellis Quinn,,1,3 Q,OB,2nd,P&R Screener,,,,Y,,,,,3,09:23,Ricci Giampaolo,THREE_POINT_MADE,07:53,22,39,60,Valentine Denzel,Wiltjer Kyle,Cole R.J.,Tessitori Amedeo,Wheatle Carl,Bolmaro Leandro,Ricci Giampaolo,Ellis Quinn,Nebo Josh,Brooks Armoni
Venezia - Olimpia Milano 26-04-26,2448.673544055,11.171693664000031,OFFENSE,OFFENSE: 53,,,,,,,,,,,,,,,,,,,,,,,,,,,,#3 Ellis Quinn,,,1,3 Q,TO,,BACK SCREEN,SOB 3,,,Y,,,,,3,09:03,Ellis Quinn,TURNOVER,09:00,,39,54,Valentine Denzel,Wiltjer Kyle,Cole R.J.,Tessitori Amedeo,Parks Jordan,Bolmaro Leandro,Ricci Giampaolo,Ellis Quinn,Nebo Josh,Brooks Armoni
Venezia - Olimpia Milano 26-04-26,2508.660585838,12.145185855000364,OFFENSE,OFFENSE: 54,,,,,,,,,,,,,,,,C&S,,,,,,,,DR P,,FB,#3 Ellis Quinn,#12 Brooks Armoni,#3 Ellis Quinn,,5,3 Q,3P+,PASS,FB,,,Left Wing 3,Y,,,,,3,08:40,Brooks Armoni,THREE_POINT_MADE,08:41,10,39,57,Valentine Denzel,Wiltjer Kyle,Cole R.J.,Tessitori Amedeo,Parks Jordan,Bolmaro Leandro,Ricci Giampaolo,Ellis Quinn,Nebo Josh,Brooks Armoni
Venezia - Olimpia Milano 26-04-26,2586.198040473675,15.492203152325146,OFFENSE,OFFENSE: 55,,,,,,,,,,,,,,,,,CHASE,,,,,,,,,L BLUE,,#3 Ellis Quinn,,,1,3 Q,TO,,SCREENS G,,,,Y,,,,,3,08:16,Ellis Quinn,TURNOVER,08:11,,39,57,Valentine Denzel,Wiltjer Kyle,Cole R.J.,Tessitori Amedeo,Wheatle Carl,Bolmaro Leandro,Ricci Giampaolo,Ellis Quinn,Nebo Josh,Brooks Armoni
Venezia - Olimpia Milano 26-04-26,2630.021588624,11.894086748000063,OFFENSE,OFFENSE: 56,,,,,,,,,,,,,,,,C&S,,,,,,,,DR P,,FB,#10 Bolmaro Leandro,#17 Ricci Giampaolo,#12 Brooks Armoni,,3,3 Q,3P+,PASS,FB,,,Left Wing 3,Y,,,,,3,07:56,Ricci Giampaolo,THREE_POINT_MADE,07:53,22,39,60,Valentine Denzel,Wiltjer Kyle,Cole R.J.,Tessitori Amedeo,Wheatle Carl,Bolmaro Leandro,Ricci Giampaolo,Ellis Quinn,Nebo Josh,Brooks Armoni
Venezia - Olimpia Milano 26-04-26,2652.085864846,27.311338689322838,OFFENSE,OFFENSE: 57,,,,,,,,,,,,#3 Ellis Quinn,SCREENER,#32 Nebo Josh,HANDLER,DUNK,,,,SHORT ROLL,TOP R,5,,ROLL,,FLASH,#32 Nebo Josh,#17 Ricci Giampaolo,#32 Nebo Josh,,5,3 Q,1-2 FT,PASS,P&R Cut,,,Rim,Y,,,,,3,07:34,Ricci Giampaolo,PERSONAL_FOUL_RECEIVED,07:21,10,41,60,Valentine Denzel,Wiltjer Kyle,Cole R.J.,Tessitori Amedeo,Wheatle Carl,Bolmaro Leandro,Ricci Giampaolo,Ellis Quinn,Nebo Josh,Brooks Armoni
Venezia - Olimpia Milano 26-04-26,2772.13797259,9.781860743333255,OFFENSE,OFFENSE: 58,,,,,,,,,,,,,,,,,,,,,,,,,,FB,,#10 Bolmaro Leandro,,,1,3 Q,TO,,FB,,,,Y,,,,,3,07:05,Bolmaro Leandro,TURNOVER,07:05,14,41,61,Valentine Denzel,Wiltjer Kyle,Cole R.J.,Tessitori Amedeo,Wheatle Carl,Bolmaro Leandro,Ricci Giampaolo,Ellis Quinn,Nebo Josh,Brooks Armoni
Venezia - Olimpia Milano 26-04-26,2840.455902384,20.680240475999653,OFFENSE,OFFENSE: 59,,,,,,,,,,,,#1 Mannion Nico,SCREENER,#32 Nebo Josh,HANDLER,C&S,SHOOT THE GAP,,,,,5,,,,5,,#1 Mannion Nico,#32 Nebo Josh,,2,3 Q,3P+,PASS,HO Handler,,,Top of Key 3,Y,,,,,3,06:42,Mannion Nico,THREE_POINT_MADE,06:38,21,41,64,Valentine Denzel,Wiltjer Kyle,Cole R.J.,Tessitori Amedeo,Wheatle Carl,Bolmaro Leandro,Ricci Giampaolo,Mannion Nico,Nebo Josh,Brooks Armoni
Venezia - Olimpia Milano 26-04-26,2933.527753039,16.539461784000196,OFFENSE,OFFENSE: 60,,,,,,,,,,,,#10 Bolmaro Leandro,SCREENER,#32 Nebo Josh,HANDLER,,SHORT HEDGE,,,,SLOT L,5,,P&R,,L UP,#10 Bolmaro Leandro,#10 Bolmaro Leandro,,,2,3 Q,OB,,P&R Handler,,,,Y,,,,,3,06:00,Bolmaro Leandro,THREE_POINT_MISSED,00:59,,58,66,Horton Chris,Candi Leonardo,Parks Jordan,Wheatle Carl,Bowman Ky,Diop Ousmane,Bolmaro Leandro,Mannion Nico,Shields Shavon,Guduric Marko
Venezia - Olimpia Milano 26-04-26,2964.370455556,13.567975667000155,OFFENSE,OFFENSE: 61,BOB 15,,,,,,,,,,FB,#1 Mannion Nico,SCREENER,#32 Nebo Josh,HANDLER,,HEDGE,,,SHORT ROLL,TOP L,5,,ROLL,,,#32 Nebo Josh,#1 Mannion Nico,,,1,3 Q,TO,,P&R Handler,,,,Y,,,,,3,05:47,Mannion Nico,TURNOVER,05:43,8,44,64,Cole R.J.,Tessitori Amedeo,Parks Jordan,Wheatle Carl,Bowman Ky,Ricci Giampaolo,Mannion Nico,Shields Shavon,Nebo Josh,Brooks Armoni
Venezia - Olimpia Milano 26-04-26,3008.604486367,17.486714595000194,OFFENSE,OFFENSE: 62,,,,,,,,,,,,#12 Brooks Armoni,SCREENER,#32 Nebo Josh,HANDLER,C&S,HEDGE,SLIP,,,TOP R,5,,,,FLASH,,#17 Ricci Giampaolo,#1 Mannion Nico,,4,3 Q,3P-,PASS,P&R 1on1,,,Left Wing 3,Y,,,,,3,05:27,Ricci Giampaolo,THREE_POINT_MISSED,05:12,10,44,64,Cole R.J.,Tessitori Amedeo,Parks Jordan,Wheatle Carl,Bowman Ky,Ricci Giampaolo,Mannion Nico,Shields Shavon,Nebo Josh,Brooks Armoni
Venezia - Olimpia Milano 26-04-26,3044.37085058,27.161057834000076,OFFENSE,OFFENSE: 63,,,,,,,,,,,,#12 Brooks Armoni,SCREENER,#31 Shields Shavon,HANDLER,,SWITCH + GHOST,,,,SLOT R,SMALL,,,,FLASH,,#31 Shields Shavon,,,,3 Q,F,,P&R Screener,,,Top of Key 3,Y,,,,,3,04:50,Shields Shavon,PERSONAL_FOUL_RECEIVED,04:34,8,47,64,Cole R.J.,Tessitori Amedeo,Parks Jordan,Wheatle Carl,Bowman Ky,Ricci Giampaolo,Mannion Nico,Shields Shavon,Nebo Josh,Brooks Armoni
Venezia - Olimpia Milano 26-04-26,3090.380166927,23.187514226000076,OFFENSE,OFFENSE: 64,,,,,,,,,,,,#23 Guduric Marko,SCREENER,#32 Nebo Josh,HANDLER,C&S,HEDGE,FLIP,,SHORT ROLL,TOP L,,,,,,,#1 Mannion Nico,,,1,3 Q,3P-,,P&R Spot up,SOB AWAY 1 HEAD,,Top of Key 3,Y,,,,,3,04:31,Mannion Nico,THREE_POINT_MISSED,04:23,5,47,64,Cole R.J.,Tessitori Amedeo,Parks Jordan,Wheatle Carl,Bowman Ky,Ricci Giampaolo,Mannion Nico,Shields Shavon,Guduric Marko,Nebo Josh
Venezia - Olimpia Milano 26-04-26,3194.381645895,18.6582613999999,OFFENSE,OFFENSE: 65,,,,,,,,,,,,,,,,R PU ST,,,,,,,,,,FREE LANCE,,#23 Guduric Marko,,ZONE,4,3 Q,3P-,,MULTIPLE OPTIONS,,,Left Corner 3,Y,,,,,3,03:58,Guduric Marko,THREE_POINT_MISSED,03:46,12,49,64,Cole R.J.,Tessitori Amedeo,Parks Jordan,Wheatle Carl,Bowman Ky,LeDay Zach,Mannion Nico,Shields Shavon,Guduric Marko,Nebo Josh
Venezia - Olimpia Milano 26-04-26,3245.478281311,19.264565861999927,OFFENSE,OFFENSE: 66,,,,,,,,,,,,,,,,L RIP DRIVE,,,,,,,,,,,,#31 Shields Shavon,#23 Guduric Marko,ZONE,,3 Q,IN+,PASS,1on1,,,Rim,Y,ZERO ZONE,,,,3,03:27,Shields Shavon,TWO_POINT_MADE,03:20,17,52,66,Horton Chris,Cole R.J.,Parks Jordan,Wheatle Carl,Bowman Ky,LeDay Zach,Diop Ousmane,Mannion Nico,Shields Shavon,Guduric Marko
Venezia - Olimpia Milano 26-04-26,3318.8628,30.656800000000203,OFFENSE,OFFENSE: 67,,,,,,,,,,,,#1 Mannion Nico,SCREENER,#25 Diop Ousmane,HANDLER,R RIP DRIVE,HEDGE,,,,STACK TOP R,5,,,,HEAD,,#16 Le Day Zach,#1 Mannion Nico,ZONE,2,3 Q,TO + F,PASS,P&R 1on1,,,,Y,,,,,3,02:58,LeDay Zach,TURNOVER,02:39,4,54,66,Horton Chris,Candi Leonardo,Parks Jordan,Wheatle Carl,Bowman Ky,LeDay Zach,Diop Ousmane,Mannion Nico,Shields Shavon,Guduric Marko
Venezia - Olimpia Milano 26-04-26,3398.492901745,14.087664921666601,OFFENSE,OFFENSE: 68,,,,,,,,,,,,#23 Guduric Marko,SCREENER,#25 Diop Ousmane,HANDLER,,HEDGE,,,,SLOT R,5,,,,5,,#25 Diop Ousmane,,,,3 Q,F,,P&R Screener,,,,Y,,,,,3,02:17,Diop Ousmane,PERSONAL_FOUL_RECEIVED,02:12,21,56,66,Horton Chris,Candi Leonardo,Parks Jordan,Wheatle Carl,Bowman Ky,Diop Ousmane,Bolmaro Leandro,Mannion Nico,Shields Shavon,Guduric Marko
Venezia - Olimpia Milano 26-04-26,3426.35929025,14.939499335653181,OFFENSE,OFFENSE: 69,,,,,,,,,,,,#10 Bolmaro Leandro,SCREENER,#25 Diop Ousmane,HANDLER,,DROP,FLIP,,,STACK TOP L,5,,,,,,#25 Diop Ousmane,,,1,3 Q,TO + F,,P&R Screener,SOB AWAY HEAD,,,Y,,,,,3,02:09,Diop Ousmane,TURNOVER,02:07,,56,66,Horton Chris,Candi Leonardo,Parks Jordan,Wheatle Carl,Bowman Ky,Diop Ousmane,Bolmaro Leandro,Mannion Nico,Shields Shavon,Guduric Marko
Venezia - Olimpia Milano 26-04-26,3464.412002381,23.618841816999975,OFFENSE,OFFENSE: 70,,,,,,,,,,,,#1 Mannion Nico,SCREENER,#25 Diop Ousmane,HANDLER,R STEP BACK,,,,,,,,,,,,#23 Guduric Marko,#1 Mannion Nico,,2,3 Q,2P-,PASS,1on1 Close out,,,FT Area,Y,,,,,3,01:52,Guduric Marko,TWO_POINT_MISSED,01:31,,56,66,Horton Chris,Candi Leonardo,Parks Jordan,Wheatle Carl,Bowman Ky,Diop Ousmane,Bolmaro Leandro,Mannion Nico,Shields Shavon,Guduric Marko
Venezia - Olimpia Milano 26-04-26,3507.270251253,14.136127409999972,OFFENSE,OFFENSE: 71,,,,,,,,,,,,#31 Shields Shavon,SCREENER,#25 Diop Ousmane,HANDLER,C&S,,,,,SLOT L,5,,ROLL,,L SIDE,#25 Diop Ousmane,#10 Bolmaro Leandro,#31 Shields Shavon,,4,3 Q,3P-,PASS,P&R Spot up,,,Left Wing 3,Y,,,,,3,01:09,Bolmaro Leandro,THREE_POINT_MISSED,00:59,,58,66,Horton Chris,Candi Leonardo,Parks Jordan,Wheatle Carl,Bowman Ky,Diop Ousmane,Bolmaro Leandro,Mannion Nico,Shields Shavon,Guduric Marko
Venezia - Olimpia Milano 26-04-26,3530.8288566,22.270003537999855,OFFENSE,OFFENSE: 72,,,,,,,,,,,,#10 Bolmaro Leandro,SCREENER,#25 Diop Ousmane,HANDLER,L RIP DRIVE,HEDGE,,,,STACK TOP R,5,,,,HEAD,,#1 Mannion Nico,#10 Bolmaro Leandro,,2,3 Q,TO,PASS,P&R 1on1,,,,Y,,,,,3,01:00,Mannion Nico,TURNOVER,00:27,,58,66,Horton Chris,Candi Leonardo,Parks Jordan,Wheatle Carl,Bowman Ky,Diop Ousmane,Bolmaro Leandro,Mannion Nico,Shields Shavon,Guduric Marko
Venezia - Olimpia Milano 26-04-26,3651.652470412,10.829429588000039,OFFENSE,OFFENSE: 73,,,,,,,,,,,,,,,,,,,,,,,,,,FREE LANCE,,#10 Bolmaro Leandro,,,,3 Q,F,,MULTIPLE OPTIONS,,,,Y,,,,,3,01:00,Bolmaro Leandro,THREE_POINT_MISSED,00:59,,58,66,Horton Chris,Candi Leonardo,Parks Jordan,Wheatle Carl,Bowman Ky,Diop Ousmane,Bolmaro Leandro,Mannion Nico,Shields Shavon,Guduric Marko
Venezia - Olimpia Milano 26-04-26,3674.467957661,15.15958678344441,OFFENSE,OFFENSE: 74,,,,,,,,,,,,,,,,,,,,,,,,,,EOQ,,#1 Mannion Nico,,,,3 Q,3P-,,MULTIPLE OPTIONS,,,,Y,,,,,3,01:00,Mannion Nico,TURNOVER,00:27,,58,66,Horton Chris,Candi Leonardo,Parks Jordan,Wheatle Carl,Bowman Ky,Diop Ousmane,Bolmaro Leandro,Mannion Nico,Shields Shavon,Guduric Marko
Venezia - Olimpia Milano 26-04-26,3723.886114902,25.674277649000032,OFFENSE,OFFENSE: 75,,,,,,,,,,,,#23 Guduric Marko,SCREENER,#25 Diop Ousmane,HANDLER,L RIP DRIVE,HEDGE,SLIP,,SHORT ROLL,TOP R,5,,DR P,,FREE LANCE,#10 Bolmaro Leandro,#10 Bolmaro Leandro,,,3,4 Q,F,,P&R 1on1,,,,Y,,,,,4,09:37,Bolmaro Leandro,PERSONAL_FOUL_RECEIVED,09:14,,62,66,Horton Chris,Candi Leonardo,Parks Jordan,Wheatle Carl,Bowman Ky,Diop Ousmane,Bolmaro Leandro,Ricci Giampaolo,Mannion Nico,Guduric Marko
Venezia - Olimpia Milano 26-04-26,3773.892365484,8.002901802999986,OFFENSE,OFFENSE: 76,,,,,,,,,,,FB,#10 Bolmaro Leandro,SCREENER,#25 Diop Ousmane,HANDLER,,HEDGE,SLIP,,SHORT ROLL,TOP R,5,,,BROKEN PLAY,,,#10 Bolmaro Leandro,,,1,4 Q,TO,,P&R Handler,SOB AWAY 1,,,Y,,,,,4,09:14,Bolmaro Leandro,PERSONAL_FOUL_RECEIVED,09:14,,62,66,Horton Chris,Candi Leonardo,Parks Jordan,Wheatle Carl,Bowman Ky,Diop Ousmane,Bolmaro Leandro,Ricci Giampaolo,Mannion Nico,Guduric Marko
Venezia - Olimpia Milano 26-04-26,3868.432,23.538549675000013,OFFENSE,OFFENSE: 77,,,,,,,,,,,,#23 Guduric Marko,SCREENER,#25 Diop Ousmane,HANDLER,C&S MOV. L-R,HEDGE,,,,SLOT L,5,,ROLL,,5,#25 Diop Ousmane,#17 Ricci Giampaolo,#23 Guduric Marko,,3,4 Q,3P+,PASS,P&R Spot up,,,Left Wing 3,Y,,,,,4,08:59,Ricci Giampaolo,THREE_POINT_MADE,08:43,8,62,69,Horton Chris,Candi Leonardo,Parks Jordan,Wheatle Carl,Bowman Ky,Diop Ousmane,Bolmaro Leandro,Ricci Giampaolo,Mannion Nico,Guduric Marko
Venezia - Olimpia Milano 26-04-26,3907.23921376,21.17843293199985,OFFENSE,OFFENSE: 78,,,,,,,,,,,,#23 Guduric Marko,SCREENER,#25 Diop Ousmane,HANDLER,R RIP DRIVE,HEDGE,,,,STACK TOP R,5,,DR P,,AWAY HEAD,#10 Bolmaro Leandro,#10 Bolmaro Leandro,#1 Mannion Nico,,5,4 Q,IN+,PASS,P&R 1on1,,,Rim,Y,,,,,4,08:22,Bolmaro Leandro,TWO_POINT_MADE,08:06,10,65,71,Horton Chris,Candi Leonardo,Parks Jordan,Wheatle Carl,Bowman Ky,Diop Ousmane,Bolmaro Leandro,Ricci Giampaolo,Mannion Nico,Guduric Marko
Venezia - Olimpia Milano 26-04-26,3939.673122388,9.37362205644422,OFFENSE,OFFENSE: 79,,,,,,,,,,,,,,,,,,,,,,,,,,FB,,#10 Bolmaro Leandro,,,,4 Q,OB,,FB,,,,Y,,,,,4,07:50,Bolmaro Leandro,PERSONAL_FOUL_RECEIVED,06:12,16,68,76,Cole R.J.,Tessitori Amedeo,Parks Jordan,Wheatle Carl,Bowman Ky,Diop Ousmane,Bolmaro Leandro,Ricci Giampaolo,Mannion Nico,Guduric Marko
Venezia - Olimpia Milano 26-04-26,3962.773001575,18.707202423000126,OFFENSE,OFFENSE: 80,,,,,,,,,,,,,,,,C&S,,,,,,,,DR P,,AWAY,#1 Mannion Nico,#17 Ricci Giampaolo,#1 Mannion Nico,,4,4 Q,3P+,PASS,1on1,,,Left Wing 3,Y,,,,,4,07:47,Ricci Giampaolo,THREE_POINT_MADE,07:34,11,65,74,Horton Chris,Candi Leonardo,Parks Jordan,Wheatle Carl,Bowman Ky,Diop Ousmane,Bolmaro Leandro,Ricci Giampaolo,Mannion Nico,Guduric Marko
Venezia - Olimpia Milano 26-04-26,4040.007571784,15.719278305999978,OFFENSE,OFFENSE: 81,,,,,,,,,,,,#23 Guduric Marko,SCREENER,#25 Diop Ousmane,HANDLER,R LAY UP,HEDGE,SLIP,,,TOP L,5,,ROLL,,AWAY 1 ATO,#25 Diop Ousmane,#25 Diop Ousmane,#1 Mannion Nico,,5,4 Q,IN+,PASS,P&R Screener,,,Rim,Y,,,,,4,07:19,Diop Ousmane,TWO_POINT_MADE,07:09,,65,76,Horton Chris,Cole R.J.,Parks Jordan,Wheatle Carl,Bowman Ky,Diop Ousmane,Bolmaro Leandro,Ricci Giampaolo,Mannion Nico,Guduric Marko
Venezia - Olimpia Milano 26-04-26,4096.442619516,16.978099880999252,OFFENSE,OFFENSE: 82,,,,,,,,,,,"FB, FB",#23 Guduric Marko,SCREENER,#25 Diop Ousmane,HANDLER,,REJECT,,,,SIDE R,5,,,,5,,#23 Guduric Marko,,,1,4 Q,TO,,P&R Handler,,,,Y,,,,,4,06:45,Guduric Marko,TURNOVER,06:33,11,65,76,Cole R.J.,Tessitori Amedeo,Parks Jordan,Wheatle Carl,Bowman Ky,Diop Ousmane,Bolmaro Leandro,Ricci Giampaolo,Mannion Nico,Guduric Marko
Venezia - Olimpia Milano 26-04-26,4121.08544364,19.50547858199934,OFFENSE,OFFENSE: 83,,,,,,,,,,,,,,,,L RIP DRIVE,,,,,,,,,,AWAY,,#10 Bolmaro Leandro,,,,4 Q,F,,1on1,,,,Y,,,,,4,06:20,Bolmaro Leandro,PERSONAL_FOUL_RECEIVED,06:12,16,68,76,Cole R.J.,Tessitori Amedeo,Parks Jordan,Wheatle Carl,Bowman Ky,Diop Ousmane,Bolmaro Leandro,Ricci Giampaolo,Mannion Nico,Guduric Marko
Venezia - Olimpia Milano 26-04-26,4152.286968309,13.638967096999295,OFFENSE,OFFENSE: 84,,,,,,,,,,,,,,,,,,,,,,,,,,,,#10 Bolmaro Leandro,,,,4 Q,TO,,MULTIPLE OPTIONS,SOB AWAY 1,,,Y,,,,,4,06:08,Bolmaro Leandro,TURNOVER,06:08,13,68,76,Cole R.J.,Tessitori Amedeo,Parks Jordan,Wheatle Carl,Bowman Ky,Diop Ousmane,Bolmaro Leandro,Ricci Giampaolo,Mannion Nico,Guduric Marko
Venezia - Olimpia Milano 26-04-26,4264.990911072,21.646626660000038,OFFENSE,OFFENSE: 85,,,,,,,,,,,,#1 Mannion Nico,SCREENER,#32 Nebo Josh,HANDLER,R STEP BACK,HEDGE,FLIP,,,TOP L,5,,,,AWAY,,#23 Guduric Marko,#10 Bolmaro Leandro,ZONE,2,4 Q,3P-,PASS,P&R 1on1,,,Right Corner 3,Y,,,,,4,05:58,Guduric Marko,THREE_POINT_MISSED,05:45,,69,76,Cole R.J.,Tessitori Amedeo,Parks Jordan,Wheatle Carl,Bowman Ky,Bolmaro Leandro,Ricci Giampaolo,Mannion Nico,Guduric Marko,Nebo Josh
Venezia - Olimpia Milano 26-04-26,4299.53293651,12.902865462000591,OFFENSE,OFFENSE: 86,,,,,,,,,,,"OR, OR",#10 Bolmaro Leandro,SCREENER,#32 Nebo Josh,HANDLER,C&S,HEDGE,,,,STACK TOP L,5,,,,HEAD,,#23 Guduric Marko,#10 Bolmaro Leandro,,3,4 Q,3P-,PASS,P&R Spot up,,,Right Wing 3,Y,,,,,4,05:25,Guduric Marko,THREE_POINT_MISSED,05:18,17,69,76,Cole R.J.,Tessitori Amedeo,Parks Jordan,Wheatle Carl,Bowman Ky,Bolmaro Leandro,Ricci Giampaolo,Mannion Nico,Guduric Marko,Nebo Josh
Venezia - Olimpia Milano 26-04-26,4312.435801972,17.052513631999318,OFFENSE,OFFENSE: 87,,,,,,,,,,,,#10 Bolmaro Leandro,SCREENER,#17 Ricci Giampaolo,HANDLER,R LAY UP,HEDGE,,,,SIDE L,4,,PU,,FREE LANCE OR,#32 Nebo Josh,#32 Nebo Josh,#10 Bolmaro Leandro,,4,4 Q,IN-,PASS,P&R Post up,,,Rim,Y,,,,,4,05:12,Nebo Josh,TWO_POINT_MISSED,05:05,9,69,76,Cole R.J.,Tessitori Amedeo,Parks Jordan,Wheatle Carl,Bowman Ky,Bolmaro Leandro,Ricci Giampaolo,Mannion Nico,Guduric Marko,Nebo Josh
Venezia - Olimpia Milano 26-04-26,4351.943526201,14.651456641317964,OFFENSE,OFFENSE: 88,BOB 1,,,,,,,,,,,,,,,,CHASE,,,,,,,,,,,#12 Brooks Armoni,,,,4 Q,TO,,SCREENS G,,,,Y,,,,,4,04:58,Brooks Armoni,PERSONAL_FOUL_RECEIVED,03:34,20,73,78,Cole R.J.,Tessitori Amedeo,Parks Jordan,Wheatle Carl,Bowman Ky,Bolmaro Leandro,Ricci Giampaolo,Shields Shavon,Nebo Josh,Brooks Armoni
Venezia - Olimpia Milano 26-04-26,4433.341506373,21.477271968999958,OFFENSE,OFFENSE: 89,,,,,,,,,,,"OR, OR",#12 Brooks Armoni,SCREENER,#32 Nebo Josh,HANDLER,L PU ATT,HEDGE,,,,SIDE R,5,,DR P,,L BLUE,#10 Bolmaro Leandro,#10 Bolmaro Leandro,,,2,4 Q,2P-,,P&R 1on1,,,Left Wing Mid-Range,Y,,,,,4,04:42,Bolmaro Leandro,TWO_POINT_MISSED,04:25,6,69,76,Cole R.J.,Tessitori Amedeo,Parks Jordan,Wheatle Carl,Bowman Ky,Bolmaro Leandro,Ricci Giampaolo,Mannion Nico,Nebo Josh,Brooks Armoni
Venezia - Olimpia Milano 26-04-26,4454.818778342,7.1667026310005895,OFFENSE,OFFENSE: 90,,,,,,,,,,,,,,,,R LAY UP,,,,,,,,,,OR,,#32 Nebo Josh,,,5,4 Q,IN+,,OR,,,Rim,Y,,,,,4,04:21,Nebo Josh,TWO_POINT_MADE,04:18,13,69,78,Cole R.J.,Tessitori Amedeo,Parks Jordan,Wheatle Carl,Bowman Ky,Bolmaro Leandro,Ricci Giampaolo,Mannion Nico,Nebo Josh,Brooks Armoni
Venezia - Olimpia Milano 26-04-26,4525.697540509304,23.496592087695717,OFFENSE,OFFENSE: 91,,,,,,,,,,,,#1 Mannion Nico,SCREENER,#32 Nebo Josh,HANDLER,R DRIVE OP DR.,SHORT HEDGE,,,GORTAT,TOP R,5,,DR P,,HEAD,#1 Mannion Nico,#1 Mannion Nico,,,2,4 Q,IN-,,P&R Handler,,,Paint,Y,,,,,4,04:09,Mannion Nico,TWO_POINT_MISSED,03:52,6,70,78,Cole R.J.,Tessitori Amedeo,Parks Jordan,Wheatle Carl,Bowman Ky,Bolmaro Leandro,Ricci Giampaolo,Mannion Nico,Nebo Josh,Brooks Armoni
Venezia - Olimpia Milano 26-04-26,4573.826345204,11.958354796000094,OFFENSE,OFFENSE: 92,,,,,,,,,,,,,,,,,,,,,,,,,,PRESS BREAK,,#12 Brooks Armoni,,,,CT,1-2 FT,,FC MAN,,,,Y,,,,,4,03:38,Brooks Armoni,PERSONAL_FOUL_RECEIVED,03:34,,73,78,Cole R.J.,Tessitori Amedeo,Parks Jordan,Wheatle Carl,Bowman Ky,Bolmaro Leandro,Ricci Giampaolo,Shields Shavon,Nebo Josh,Brooks Armoni
Venezia - Olimpia Milano 26-04-26,4685.351239527,23.27566796500014,OFFENSE,OFFENSE: 93,,,,,,,,,,,,#23 Guduric Marko,SCREENER,#32 Nebo Josh,HANDLER,C&S,SHORT HEDGE,,,,SLOT R,5,,,,L SIDE,,#12 Brooks Armoni,#10 Bolmaro Leandro,,4,CT,3P+,PASS,P&R Spot up,,,Left Corner 3,Y,,,,,4,03:14,Brooks Armoni,THREE_POINT_MADE,03:04,,77,82,Cole R.J.,Tessitori Amedeo,Parks Jordan,Wheatle Carl,Bowman Ky,Bolmaro Leandro,Ricci Giampaolo,Guduric Marko,Nebo Josh,Brooks Armoni
Venezia - Olimpia Milano 26-04-26,4776.326049043,20.8006748910002,OFFENSE,OFFENSE: 94,,,,,,,,,,,,#23 Guduric Marko,SCREENER,#32 Nebo Josh,HANDLER,C&S,REJECT,,,,SLOT R,5,,P&R,,L SIDE,#23 Guduric Marko,#10 Bolmaro Leandro,#23 Guduric Marko,,5,CT,3P-,PASS,P&R Spot up,,,Top of Key 3,Y,,,,,4,02:46,Bolmaro Leandro,THREE_POINT_MISSED,02:33,,78,82,Cole R.J.,Tessitori Amedeo,Parks Jordan,Wheatle Carl,Bowman Ky,Bolmaro Leandro,Ricci Giampaolo,Guduric Marko,Nebo Josh,Brooks Armoni
Venezia - Olimpia Milano 26-04-26,4807.909806288,23.8595078620001,OFFENSE,OFFENSE: 95,,,,,,,,,,,,#10 Bolmaro Leandro,SCREENER,#12 Brooks Armoni,HANDLER,L PU ATT,SWITCH 1on1,GHOST,,,TOP L,SMALL,,,,L SIDE,,#10 Bolmaro Leandro,,,2,CT,2P+,,P&R Handler,,,Left Wing Mid-Range,Y,,,,,4,02:16,Bolmaro Leandro,TWO_POINT_MADE,01:59,,80,84,Cole R.J.,Tessitori Amedeo,Parks Jordan,Wheatle Carl,Bowman Ky,Bolmaro Leandro,Ricci Giampaolo,Guduric Marko,Nebo Josh,Brooks Armoni
Venezia - Olimpia Milano 26-04-26,4845.458226224,24.00262933155591,OFFENSE,OFFENSE: 96,,,,,,,,,,,,#12 Brooks Armoni,SCREENER,#17 Ricci Giampaolo,HANDLER,,REJECT,,,,TOP R,4,,,,AWAY SHORT 4,,#12 Brooks Armoni,,,2,CT,3-3 FT,,P&R Handler,,,Left Wing 3,Y,,,,,4,01:43,Brooks Armoni,PERSONAL_FOUL_RECEIVED,01:24,,82,84,Cole R.J.,Tessitori Amedeo,Parks Jordan,Wheatle Carl,Bowman Ky,Bolmaro Leandro,Ricci Giampaolo,Guduric Marko,Nebo Josh,Brooks Armoni
Venezia - Olimpia Milano 26-04-26,4952.635668748,24.724989032999474,OFFENSE,OFFENSE: 97,,,,,,,,,,,,#12 Brooks Armoni,SCREENER,#32 Nebo Josh,HANDLER,,HEDGE,,,,SLOT R,5,,,,AWAY,,#12 Brooks Armoni,,,1,CT,TO,,P&R Handler,,,,Y,,,,,4,01:11,Brooks Armoni,TURNOVER,00:52,,82,87,Cole R.J.,Tessitori Amedeo,Parks Jordan,Wheatle Carl,Bowman Ky,Bolmaro Leandro,Ricci Giampaolo,Guduric Marko,Nebo Josh,Brooks Armoni
Venezia - Olimpia Milano 26-04-26,5090.045135122,30.878669628999887,OFFENSE,OFFENSE: 98,,,,,,,,,,,,#10 Bolmaro Leandro,SCREENER,#12 Brooks Armoni,HANDLER,R PU ATT,SWITCH 1on1,GHOST,,,TOP L,SMALL,,DR P,,L SIDE,#10 Bolmaro Leandro,#10 Bolmaro Leandro,,,2,CT,2P-,,P&R Handler,,,FT Area,Y,,,,,4,01:00,Bolmaro Leandro,TWO_POINT_MISSED,00:17,,83,87,Cole R.J.,Tessitori Amedeo,Parks Jordan,Wheatle Carl,Bowman Ky,Bolmaro Leandro,Ricci Giampaolo,Guduric Marko,Nebo Josh,Brooks Armoni
Venezia - Olimpia Milano 26-04-26,5199.637107595,6.9177146270003504,OFFENSE,OFFENSE: 99,,,,,,,,,,,,,,,,,,,,,,,,,,TECH,,#12 Brooks Armoni,,,,CT,1-1 FT,,TECH,,,,Y,,,,,4,01:00,Brooks Armoni,TURNOVER,00:52,,82,87,Cole R.J.,Tessitori Amedeo,Parks Jordan,Wheatle Carl,Bowman Ky,Bolmaro Leandro,Ricci Giampaolo,Guduric Marko,Nebo Josh,Brooks Armoni
Venezia - Olimpia Milano 26-04-26,5213.664449601,18.032977001999825,OFFENSE,OFFENSE: 100,,,,,,,,,,,,,,,,,,,,,,,,,,BONUS,,#1 Mannion Nico,,,2,CT,2-2 FT,,BONUS,SOB ATO,,,Y,,,,,4,01:00,Mannion Nico,PERSONAL_FOUL_RECEIVED,00:03,,85,88,Candi Leonardo,Cole R.J.,Parks Jordan,Wheatle Carl,Bowman Ky,Bolmaro Leandro,Ricci Giampaolo,Mannion Nico,Guduric Marko,Brooks Armoni
Venezia - Olimpia Milano 26-04-26,28.364917109,19.347852169000003,DEFENSE,DEFENSE: 1,,,,DROP,FLIP,,,TOP R,5,P&R 1on1,,#12 Brooks Armoni,SCREENER,#32 Nebo Josh,HANDLER,,,,,,,,AWAY,,,,,#3 Ellis Quinn,,,2,1 Q,3P-,,,,,Top of Key 3,Y,,,,,1,09:46,Nebo Josh,DEFENSIVE_REBOUND,09:29,7,0,0,Valentine Denzel,Wiltjer Kyle,Cole R.J.,Tessitori Amedeo,Parks Jordan,LeDay Zach,Ellis Quinn,Shields Shavon,Nebo Josh,Brooks Armoni
Venezia - Olimpia Milano 26-04-26,97.493761424,20.544798584000006,DEFENSE,DEFENSE: 2,,,,SHORT HEDGE,SLIP,,SHORT ROLL,TOP R,4,P&R 1on1,,#3 Ellis Quinn,SCREENER,#16 Le Day Zach,HANDLER,,,,,,,,AWAY 4,,,,,#31 Shields Shavon,#31 Shields Shavon,ZONE,2,1 Q,IN-,,,,,Paint,Y,,,,,1,09:09,Ellis Quinn,DEFENSIVE_REBOUND,08:56,10,0,2,Valentine Denzel,Wiltjer Kyle,Cole R.J.,Tessitori Amedeo,Parks Jordan,LeDay Zach,Ellis Quinn,Shields Shavon,Nebo Josh,Brooks Armoni
Venezia - Olimpia Milano 26-04-26,129.489571274,19.487627921999973,DEFENSE,DEFENSE: 3,,,,,,,,,,1on1 Close out,,,,,,,,,,,,,HORNS UP,DR P,,,#3 Ellis Quinn,#32 Nebo Josh,,,4,1 Q,IN-,,,,,Paint,Y,,,,,1,08:42,Shields Shavon,DEFENSIVE_REBOUND,08:25,8,0,4,Valentine Denzel,Wiltjer Kyle,Cole R.J.,Tessitori Amedeo,Parks Jordan,LeDay Zach,Ellis Quinn,Shields Shavon,Nebo Josh,Brooks Armoni
Venezia - Olimpia Milano 26-04-26,158.038053305,8.859406116999992,DEFENSE,DEFENSE: 4,,,,,,,,,,FB,,,,,,,,,,,,,FB,,,,,#3 Ellis Quinn,,,4,1 Q,3P+,,,,,Right Corner 3,Y,,,,,1,08:13,Brooks Armoni,TWO_POINT_MISSED,07:47,10,3,4,Valentine Denzel,Wiltjer Kyle,Cole R.J.,Tessitori Amedeo,Parks Jordan,LeDay Zach,Ellis Quinn,Shields Shavon,Nebo Josh,Brooks Armoni
Venezia - Olimpia Milano 26-04-26,187.064555541,6.813946904000005,DEFENSE,DEFENSE: 5,,,,,,,,,,FB,,,,,,,,,,,,,FB,TR A,,,#3 Ellis Quinn,#3 Ellis Quinn,,,5,1 Q,IN+,,,,,Rim,Y,,,,,1,07:45,Nebo Josh,TWO_POINT_MADE,07:22,10,5,6,Valentine Denzel,Wiltjer Kyle,Cole R.J.,Tessitori Amedeo,Parks Jordan,LeDay Zach,Ellis Quinn,Shields Shavon,Nebo Josh,Brooks Armoni
Venezia - Olimpia Milano 26-04-26,213.027429014,21.601246524999993,DEFENSE,DEFENSE: 6,,,,DROP,,,,SLOT R,5,P&R Handler,,#3 Ellis Quinn,SCREENER,#32 Nebo Josh,HANDLER,,,,,,,,ELBOW,P&R,,,#3 Ellis Quinn,#3 Ellis Quinn,,,5,1 Q,IN+,,,,,Rim,Y,,,,,1,07:18,LeDay Zach,TURNOVER,06:42,11,7,6,Valentine Denzel,Wiltjer Kyle,Cole R.J.,Tessitori Amedeo,Parks Jordan,LeDay Zach,Ellis Quinn,Shields Shavon,Nebo Josh,Brooks Armoni
Venezia - Olimpia Milano 26-04-26,252.617557251,6.387218951000023,DEFENSE,DEFENSE: 7,,,,,,,,,,FB,,,,,,,,,,,,,FB,TR A,,,#3 Ellis Quinn,#3 Ellis Quinn,,,5,1 Q,IN+,,,,,Rim,Y,,,,,1,06:38,LeDay Zach,TWO_POINT_MADE,06:22,15,9,8,Valentine Denzel,Wiltjer Kyle,Cole R.J.,Tessitori Amedeo,Parks Jordan,LeDay Zach,Ellis Quinn,Shields Shavon,Nebo Josh,Brooks Armoni
Venezia - Olimpia Milano 26-04-26,272.957832034,17.276274458000046,DEFENSE,DEFENSE: 8,,,,,,,,,,MULTIPLE OPTIONS,,#12 Brooks Armoni,SCREENER,#16 Le Day Zach,HANDLER,,,,,,,,AWAY 4,,,,,#12 Brooks Armoni,,,,1 Q,F,,,,,,Y,,,,,1,06:18,Brooks Armoni,PERSONAL_FOUL,06:09,16,9,8,Valentine Denzel,Wiltjer Kyle,Cole R.J.,Tessitori Amedeo,Parks Jordan,LeDay Zach,Ellis Quinn,Shields Shavon,Nebo Josh,Brooks Armoni
Venezia - Olimpia Milano 26-04-26,306.475751234,19.570873366,DEFENSE,DEFENSE: 9,,,,,,5,,,,POST UP Spot up,,,,,,,,,,,,,SOB,PU,,,#12 Brooks Armoni,#32 Nebo Josh,,,5,1 Q,3P+,,,,,Left Wing 3,Y,,,,,1,06:06,LeDay Zach,TWO_POINT_MISSED,05:36,5,12,8,Valentine Denzel,Wiltjer Kyle,Cole R.J.,Tessitori Amedeo,Parks Jordan,LeDay Zach,Ellis Quinn,Shields Shavon,Nebo Josh,Brooks Armoni
Venezia - Olimpia Milano 26-04-26,350.514925805318,6.448606546682015,DEFENSE,DEFENSE: 10,,,,,,,,,,FB,,,,,,,,,,,,,FB,,,,,#32 Nebo Josh,,,1,1 Q,3P-,,,,,Top of Key 3,Y,,,,,1,05:31,Brooks Armoni,DEFENSIVE_REBOUND,05:30,21,12,8,Valentine Denzel,Wiltjer Kyle,Cole R.J.,Tessitori Amedeo,Parks Jordan,LeDay Zach,Ellis Quinn,Shields Shavon,Nebo Josh,Brooks Armoni
Venezia - Olimpia Milano 26-04-26,374.447767541,15.613659157999962,DEFENSE,DEFENSE: 11,,,,,,,,,,1on1,,,,,,,,,,,,,HORNS SIDE,,,,,#16 Le Day Zach,,,3,1 Q,3P-,,,,,Right Wing 3,Y,,,,,1,05:08,Shields Shavon,DEFENSIVE_REBOUND,04:57,17,12,10,Valentine Denzel,Wiltjer Kyle,Cole R.J.,Tessitori Amedeo,Parks Jordan,LeDay Zach,Ellis Quinn,Shields Shavon,Nebo Josh,Brooks Armoni
Venezia - Olimpia Milano 26-04-26,399.727187517,11.877415197000005,DEFENSE,DEFENSE: 12,,,,PUSH,,,,SIDE L,5,P&R Handler,FB,#12 Brooks Armoni,SCREENER,#32 Nebo Josh,HANDLER,,,,,,,,DRAG EMPTY CORNER,DR P,,,#12 Brooks Armoni,#12 Brooks Armoni,,,4,1 Q,IN-,,,,,Left Short Corner,Y,,,,,1,04:42,Nebo Josh,DEFENSIVE_REBOUND,04:36,18,12,12,Valentine Denzel,Wiltjer Kyle,Cole R.J.,Tessitori Amedeo,Parks Jordan,LeDay Zach,Ellis Quinn,Shields Shavon,Nebo Josh,Brooks Armoni
Venezia - Olimpia Milano 26-04-26,494.553189118,22.920607408000023,DEFENSE,DEFENSE: 13,,,,,,,,,,1on1,,,,,,,,,,,,,AWAY,DR P,,,#32 Nebo Josh,#32 Nebo Josh,,,,1 Q,F,,,,,Top of Key 3,Y,,,,,1,04:26,Nebo Josh,PERSONAL_FOUL,04:19,16,12,13,Valentine Denzel,Wiltjer Kyle,Cole R.J.,Tessitori Amedeo,Parks Jordan,Ricci Giampaolo,Ellis Quinn,Shields Shavon,Guduric Marko,Nebo Josh
Venezia - Olimpia Milano 26-04-26,539.020257153,12.439078622000011,DEFENSE,DEFENSE: 14,,,,PUSH,SLIP,,,ELBOW R,5,P&R Handler,"FB, FB, FB",#3 Ellis Quinn,SCREENER,#32 Nebo Josh,HANDLER,,,,,,,,SOB,,,,,#3 Ellis Quinn,,,1,1 Q,TO,,,,,Right Wing Mid-Range,Y,,,,,1,04:14,Ricci Giampaolo,STEAL,04:14,11,12,13,Wiltjer Kyle,Horton Chris,Cole R.J.,Parks Jordan,Bowman Ky,Ricci Giampaolo,Ellis Quinn,Shields Shavon,Guduric Marko,Nebo Josh
Venezia - Olimpia Milano 26-04-26,575.3957483153289,20.415176318671115,DEFENSE,DEFENSE: 15,,,,FLAT,,,,TOP R,5,P&R Handler,,#23 Guduric Marko,SCREENER,#32 Nebo Josh,HANDLER,,,,,,,,ATO,P&R,,,#23 Guduric Marko,#32 Nebo Josh,,,2,1 Q,IN-,,,,,Paint,Y,,,,,1,03:55,Ellis Quinn,DEFENSIVE_REBOUND,03:45,13,12,15,Wiltjer Kyle,Horton Chris,Cole R.J.,Parks Jordan,Bowman Ky,Ricci Giampaolo,Ellis Quinn,Shields Shavon,Guduric Marko,Nebo Josh
Venezia - Olimpia Milano 26-04-26,612.296114389,7.125390232000086,DEFENSE,DEFENSE: 16,,,,,,,,,,FB,,,,,,,,,,,,,FB,,,,,#31 Shields Shavon,,,5,1 Q,2-3 FT,,,,,Left Wing 3,Y,,,,,1,03:19,Nebo Josh,TWO_POINT_MADE,03:10,20,14,17,Wiltjer Kyle,Horton Chris,Cole R.J.,Parks Jordan,Bowman Ky,Bolmaro Leandro,Ricci Giampaolo,Ellis Quinn,Guduric Marko,Nebo Josh
Venezia - Olimpia Milano 26-04-26,719.840220723,11.157950631999938,DEFENSE,DEFENSE: 17,,,,FLAT,,,,SIDE R,5,P&R Handler,,#23 Guduric Marko,SCREENER,#32 Nebo Josh,HANDLER,,,,,,,,DRAG EMPTY CORNER,P&R,,,#23 Guduric Marko,#32 Nebo Josh,,,2,1 Q,TO,,,,,,Y,,,,,1,02:56,Ellis Quinn,TWO_POINT_MISSED,02:50,18,14,17,Wiltjer Kyle,Horton Chris,Cole R.J.,Parks Jordan,Bowman Ky,Bolmaro Leandro,Ricci Giampaolo,Ellis Quinn,Guduric Marko,Nebo Josh
Venezia - Olimpia Milano 26-04-26,837.617696587,19.06205156200008,DEFENSE,DEFENSE: 18,,,,SWITCH,,,,TOP R,4,P&R Screener,,#10 Bolmaro Leandro,SCREENER,#17 Ricci Giampaolo,HANDLER,,,,,,,,54,,,,,#17 Ricci Giampaolo,,,,1 Q,F,,,,,Top of Key 3,Y,,,,,1,02:21,Ricci Giampaolo,PERSONAL_FOUL,02:15,19,14,19,Wiltjer Kyle,Horton Chris,Candi Leonardo,Wheatle Carl,Bowman Ky,Bolmaro Leandro,Ricci Giampaolo,Mannion Nico,Guduric Marko,Nebo Josh
Venezia - Olimpia Milano 26-04-26,863.165552032,13.723116169999912,DEFENSE,DEFENSE: 19,,,,,,,,,,1on1,,,,,,,,,,,,,SOB AWAY,DR P,,,#17 Ricci Giampaolo,#17 Ricci Giampaolo,,,3,1 Q,IN-,,,,,Paint,Y,,,,,1,02:09,Nebo Josh,DEFENSIVE_REBOUND,02:04,,14,19,Wiltjer Kyle,Horton Chris,Candi Leonardo,Wheatle Carl,Bowman Ky,Bolmaro Leandro,Ricci Giampaolo,Mannion Nico,Guduric Marko,Nebo Josh
Venezia - Olimpia Milano 26-04-26,900.679448142,17.814776100000017,DEFENSE,DEFENSE: 20,,,,SWITCH 1on1,,,,TOP L,4,P&R Handler,FB,#23 Guduric Marko,SCREENER,#17 Ricci Giampaolo,HANDLER,,,,,,,,FREE LANCE,,,,,#17 Ricci Giampaolo,,,3,1 Q,3P-,,,,,Left Wing 3,Y,,,,,1,01:36,Nebo Josh,DEFENSIVE_REBOUND,01:22,,14,21,Wiltjer Kyle,Horton Chris,Candi Leonardo,Wheatle Carl,Bowman Ky,Bolmaro Leandro,Ricci Giampaolo,Mannion Nico,Guduric Marko,Nebo Josh
Venezia - Olimpia Milano 26-04-26,926.799086537,15.994011871999987,DEFENSE,DEFENSE: 21,,,,THROUGH,,,,,,SCREENS B,OR,,,,,,,,,,,,HORNS SIDE,,,,,#17 Ricci Giampaolo,,,4,1 Q,3P-,,,,,Right Wing 3,Y,,,,,1,01:10,TeamB Player,DEFENSIVE_REBOUND,01:03,17,14,24,Wiltjer Kyle,Horton Chris,Candi Leonardo,Wheatle Carl,Bowman Ky,Bolmaro Leandro,Ricci Giampaolo,Mannion Nico,Guduric Marko,Nebo Josh
Venezia - Olimpia Milano 26-04-26,980.109732544,18.2000526569999,DEFENSE,DEFENSE: 22,,,,SWITCH 1on1,,,,SIDE OUT L,5,P&R Handler,,#17 Ricci Giampaolo,SCREENER,#25 Diop Ousmane,HANDLER,,,,,,,,DRAG,,,,,#25 Diop Ousmane,,,2,1 Q,3P-,,,,,Left Wing 3,Y,,,,,1,01:00,Guduric Marko,TWO_POINT_MISSED,00:43,,14,24,Horton Chris,Candi Leonardo,Nikolic Stefan,Wheatle Carl,Bowman Ky,Diop Ousmane,Bolmaro Leandro,Ricci Giampaolo,Mannion Nico,Guduric Marko
Venezia - Olimpia Milano 26-04-26,1063.89403155,14.511432026000193,DEFENSE,DEFENSE: 23,,,,,,,,,,1on1 Spot up,,,,,,,,,,,,,FREE LANCE,DR P,,,#1 Mannion Nico,#10 Bolmaro Leandro,,,4,2 Q,3P-,,,,,Left Corner 3,Y,,,,,1,01:00,Bolmaro Leandro,TWO_POINT_MADE,00:48,,39,52,Valentine Denzel,Cole R.J.,Parks Jordan,Lever Alessandro,Bowman Ky,Bolmaro Leandro,Ellis Quinn,Guduric Marko,Nebo Josh,Brooks Armoni
Venezia - Olimpia Milano 26-04-26,1092.66028236,5.279154513999856,DEFENSE,DEFENSE: 24,,,,,,,,,,FC MAN,,,,,,,,,,,,,PRESS BREAK,,,,,#23 Guduric Marko,,MAN,,2 Q,TO,,,,,,Y,,,,,2,09:32,Guduric Marko,STEAL,09:27,21,14,29,Horton Chris,Candi Leonardo,Nikolic Stefan,Wheatle Carl,Bowman Ky,Diop Ousmane,Bolmaro Leandro,Ricci Giampaolo,Mannion Nico,Guduric Marko
Venezia - Olimpia Milano 26-04-26,1125.06590982,13.529149732000178,DEFENSE,DEFENSE: 25,,,,FLAT,,,,ELBOW R,5,P&R Handler,,#10 Bolmaro Leandro,SCREENER,#25 Diop Ousmane,HANDLER,,,,,,,,ATO,,,,,#10 Bolmaro Leandro,,,3,2 Q,3P-,,,,ATO,Right Wing 3,Y,,,,,2,09:11,Diop Ousmane,TWO_POINT_MADE,09:10,23,14,31,Horton Chris,Candi Leonardo,Nikolic Stefan,Wheatle Carl,Bowman Ky,Diop Ousmane,Bolmaro Leandro,Ricci Giampaolo,Mannion Nico,Guduric Marko
Venezia - Olimpia Milano 26-04-26,1160.616981263979,19.50800762491008,DEFENSE,DEFENSE: 26,,,,FLAT,,,,TOP R,5,P&R Handler,,#23 Guduric Marko,SCREENER,#25 Diop Ousmane,HANDLER,,,,,,,,AWAY,P&R,,,#23 Guduric Marko,#25 Diop Ousmane,,,4,2 Q,2-2 FT,,,,,Rim,Y,,,,,2,08:42,Diop Ousmane,TURNOVER,08:38,19,14,31,Horton Chris,Candi Leonardo,Nikolic Stefan,Wheatle Carl,Bowman Ky,Diop Ousmane,Bolmaro Leandro,Ricci Giampaolo,Mannion Nico,Guduric Marko
Venezia - Olimpia Milano 26-04-26,1293.6954098,11.493996587999845,DEFENSE,DEFENSE: 27,,,,,,,,,,FB,,,,,,,,,,,,,FB,,,,,#25 Diop Ousmane,,,,2 Q,F,,,,,,Y,,,,,2,08:01,Bolmaro Leandro,TWO_POINT_MADE,08:01,2,16,33,Horton Chris,Candi Leonardo,Cole R.J.,Nikolic Stefan,Wheatle Carl,Diop Ousmane,Bolmaro Leandro,Ricci Giampaolo,Mannion Nico,Guduric Marko
Venezia - Olimpia Milano 26-04-26,1321.77197881,13.896722099000044,DEFENSE,DEFENSE: 28,,,,CHASE,,,,,,SCREENS G,,,,,,,,,,,,,SOB AWAY,DR P,,,#10 Bolmaro Leandro,#10 Bolmaro Leandro,,,4,2 Q,IN+,,,,,Paint,Y,,,,,2,07:55,Ricci Giampaolo,PERSONAL_FOUL_RECEIVED,07:27,,18,33,Horton Chris,Candi Leonardo,Cole R.J.,Nikolic Stefan,Wheatle Carl,Diop Ousmane,Bolmaro Leandro,Ricci Giampaolo,Mannion Nico,Guduric Marko
Venezia - Olimpia Milano 26-04-26,1421.26414713,17.14482211199993,DEFENSE,DEFENSE: 29,,,,DROP,,,,TOP L,5,P&R Handler,,#10 Bolmaro Leandro,SCREENER,#25 Diop Ousmane,HANDLER,,,,,,,,HORNS UP,,,,,#10 Bolmaro Leandro,,,1,2 Q,2P-,,,,,Left Wing Mid-Range,Y,,,,,2,07:23,Ricci Giampaolo,DEFENSIVE_REBOUND,07:12,13,18,35,Horton Chris,Candi Leonardo,Cole R.J.,Nikolic Stefan,Wheatle Carl,Diop Ousmane,Bolmaro Leandro,Ricci Giampaolo,Mannion Nico,Guduric Marko
Venezia - Olimpia Milano 26-04-26,1452.423442843,7.597396805000017,DEFENSE,DEFENSE: 30,,,,DROP,,,,SIDE L,5,P&R Handler,FB,#23 Guduric Marko,SCREENER,#25 Diop Ousmane,HANDLER,,,,,,,,DRAG EPTY CORNER,P&R,,,#23 Guduric Marko,#25 Diop Ousmane,,,3,2 Q,IN-,,,,,Rim,Y,,,,,2,06:52,Mannion Nico,DEFENSIVE_REBOUND,06:51,23,18,37,Horton Chris,Candi Leonardo,Cole R.J.,Nikolic Stefan,Wheatle Carl,Diop Ousmane,Bolmaro Leandro,Ricci Giampaolo,Mannion Nico,Guduric Marko
Venezia - Olimpia Milano 26-04-26,1465.85405051,7.470891073335451,DEFENSE,DEFENSE: 31,,,,,,,,,,FB,,,,,,,,,,,,,FB,TR A,,,#1 Mannion Nico,#1 Mannion Nico,,,5,2 Q,IN+,,,,,Rim,Y,,,,,2,06:39,Mannion Nico,TWO_POINT_MISSED,06:29,22,20,40,Horton Chris,Candi Leonardo,Cole R.J.,Nikolic Stefan,Wheatle Carl,Diop Ousmane,Bolmaro Leandro,Ricci Giampaolo,Mannion Nico,Guduric Marko
Venezia - Olimpia Milano 26-04-26,1486.255956167,24.40252266199991,DEFENSE,DEFENSE: 32,,,,SWITCH 1on1,,,,ELBOW R,4,P&R Handler,,#23 Guduric Marko,SCREENER,#25 Diop Ousmane,HANDLER,,,,,,,,DRAG 4 CORNERS,,,,,#17 Ricci Giampaolo,,,4,2 Q,0-2 FT,,,,,Rim,Y,,,,,2,06:18,Ricci Giampaolo,PERSONAL_FOUL,06:10,15,20,42,Horton Chris,Candi Leonardo,Cole R.J.,Nikolic Stefan,Wheatle Carl,Diop Ousmane,Bolmaro Leandro,Ricci Giampaolo,Mannion Nico,Guduric Marko
Venezia - Olimpia Milano 26-04-26,1561.433807041,7.129525260000037,DEFENSE,DEFENSE: 33,,,,,,,,,,FB,,,,,,,,,,,,,FB,TR A,,,#25 Diop Ousmane,#25 Diop Ousmane,,,5,2 Q,IN+,,,,,Rim,Y,,,,,2,05:54,Mannion Nico,THREE_POINT_MISSED,05:36,13,22,42,Valentine Denzel,Cole R.J.,Tessitori Amedeo,Parks Jordan,Wheatle Carl,Diop Ousmane,Ricci Giampaolo,Mannion Nico,Shields Shavon,Guduric Marko
Venezia - Olimpia Milano 26-04-26,1642.614212072,16.498408221999853,DEFENSE,DEFENSE: 34,,,,DROP,,,,TOP L,5,P&R Handler,,#3 Ellis Quinn,SCREENER,#25 Diop Ousmane,HANDLER,,,,,,,,AWAY,,,,,#3 Ellis Quinn,,,,2 Q,F,,,,,Top of Key 3,Y,,,,,2,05:18,Ellis Quinn,PERSONAL_FOUL,05:14,20,22,44,Valentine Denzel,Cole R.J.,Tessitori Amedeo,Parks Jordan,Wheatle Carl,Diop Ousmane,Ricci Giampaolo,Ellis Quinn,Shields Shavon,Guduric Marko
Venezia - Olimpia Milano 26-04-26,1681.428642171,10.952706257999807,DEFENSE,DEFENSE: 35,,,,,,,,,,BACK SCREENS,,,,,,,,,,,,,SOB,CUT,,,#12 Brooks Armoni,#12 Brooks Armoni,,,5,2 Q,IN+,,,,,Rim,Y,,,,,2,05:06,Nebo Josh,PERSONAL_FOUL_RECEIVED,04:45,11,24,44,Valentine Denzel,Cole R.J.,Tessitori Amedeo,Parks Jordan,Wheatle Carl,LeDay Zach,Ellis Quinn,Shields Shavon,Nebo Josh,Brooks Armoni
Venezia - Olimpia Milano 26-04-26,1757.433538339,12.203062788999887,DEFENSE,DEFENSE: 36,,,,SLIP,SLIP,,,TOP L,4,P&R Handler,,#12 Brooks Armoni,SCREENER,#16 Le Day Zach,HANDLER,,,,,,,,AWAY,P&R,,,#12 Brooks Armoni,#31 Shields Shavon,,,1,2 Q,TO,,,,,,Y,,,,,2,04:37,Shields Shavon,STEAL,04:36,22,24,45,Valentine Denzel,Cole R.J.,Tessitori Amedeo,Parks Jordan,Wheatle Carl,LeDay Zach,Ellis Quinn,Shields Shavon,Nebo Josh,Brooks Armoni
Venezia - Olimpia Milano 26-04-26,1789.3969484139789,19.21128582302117,DEFENSE,DEFENSE: 37,,,,,,,,,,1on1,,,,,,,,,,,,,AWAY,DR P,,,#3 Ellis Quinn,#3 Ellis Quinn,,,3,2 Q,2-2 FT,,,,,Paint,Y,,,,,2,04:16,Ellis Quinn,PERSONAL_FOUL,04:12,20,24,45,Valentine Denzel,Cole R.J.,Tessitori Amedeo,Parks Jordan,Wheatle Carl,LeDay Zach,Ellis Quinn,Shields Shavon,Nebo Josh,Brooks Armoni
Venezia - Olimpia Milano 26-04-26,1878.383860709,6.797991859000149,DEFENSE,DEFENSE: 38,,,,DROP,,,,TOP R,5,P&R Handler,OR,#31 Shields Shavon,SCREENER,#32 Nebo Josh,HANDLER,,,,,,,,DRAG,,,,,#32 Nebo Josh,,,2,2 Q,IN-,,,,,Rim,Y,,,,,2,03:43,Shields Shavon,TWO_POINT_MISSED,03:22,11,28,45,Valentine Denzel,Cole R.J.,Tessitori Amedeo,Parks Jordan,Bowman Ky,LeDay Zach,Ellis Quinn,Shields Shavon,Nebo Josh,Brooks Armoni
Venezia - Olimpia Milano 26-04-26,1883.7372303,7.909234764000075,DEFENSE,DEFENSE: 39,,,,,,,,,,OR,OR,,,,,,,,,,,,OR,,,,,#31 Shields Shavon,,,,2 Q,2-2 FT,,,,,Rim,Y,,,,,2,03:38,Shields Shavon,TWO_POINT_MISSED,03:22,11,28,45,Valentine Denzel,Cole R.J.,Tessitori Amedeo,Parks Jordan,Bowman Ky,LeDay Zach,Ellis Quinn,Shields Shavon,Nebo Josh,Brooks Armoni
Venezia - Olimpia Milano 26-04-26,1987.346150221,10.671195011999998,DEFENSE,DEFENSE: 40,,,,FLAT,SLIP,,,SIDE R,5,P&R Handler,,#12 Brooks Armoni,SCREENER,#32 Nebo Josh,HANDLER,,,,,,,,DRAG,,,,,#12 Brooks Armoni,,,3,2 Q,3P+,,,,,Right Wing 3,Y,,,,,2,03:10,Ellis Quinn,TWO_POINT_MADE,03:01,,31,47,Valentine Denzel,Cole R.J.,Tessitori Amedeo,Parks Jordan,Bowman Ky,LeDay Zach,Ellis Quinn,Shields Shavon,Nebo Josh,Brooks Armoni
Venezia - Olimpia Milano 26-04-26,2043.0823333333333,16.640215188666843,DEFENSE,DEFENSE: 41,,,,PUSH,,,,SIDE OUT R,5,P&R 1on1,,#12 Brooks Armoni,SCREENER,#32 Nebo Josh,HANDLER,,,,,,,,DRAG EMPTY CORNER,ROLL,,,#16 Le Day Zach,#16 Le Day Zach,,,3,2 Q,3P+,,,,,Right Wing 3,Y,,,,,2,02:50,LeDay Zach,TWO_POINT_MADE,02:26,14,34,50,Valentine Denzel,Cole R.J.,Tessitori Amedeo,Parks Jordan,Bowman Ky,LeDay Zach,Ellis Quinn,Shields Shavon,Nebo Josh,Brooks Armoni
Venezia - Olimpia Milano 26-04-26,2082.334527839,18.245321061999675,DEFENSE,DEFENSE: 42,,,,,,,,,,FB,,,,,,,,,,,,,FB,TR A,,,#16 Le Day Zach,#16 Le Day Zach,,,5,2 Q,2P + 0,,,,,Rim,Y,,,,,2,02:13,Shields Shavon,THREE_POINT_MISSED,02:00,21,38,50,Valentine Denzel,Cole R.J.,Parks Jordan,Lever Alessandro,Bowman Ky,LeDay Zach,Ellis Quinn,Shields Shavon,Nebo Josh,Brooks Armoni
Venezia - Olimpia Milano 26-04-26,2128.282333334,7.423278886999924,DEFENSE,DEFENSE: 43,,,,,,,,,,OR,,,,,,,,,,,,,OR,,,,,#32 Nebo Josh,,,4,2 Q,IN+,,,,,Paint,Y,,,,,2,02:09,Shields Shavon,THREE_POINT_MISSED,02:00,21,38,50,Valentine Denzel,Cole R.J.,Parks Jordan,Lever Alessandro,Bowman Ky,LeDay Zach,Ellis Quinn,Shields Shavon,Nebo Josh,Brooks Armoni
Venezia - Olimpia Milano 26-04-26,2189.638585886,27.79692522511141,DEFENSE,DEFENSE: 44,,,,SWITCH 1on1,GHOST,,,ELBOW L,,P&R Handler,,#10 Bolmaro Leandro,SCREENER,#31 Shields Shavon,HANDLER,,,,,,,,AWAY SMALL,DR P,,,,#31 Shields Shavon,#31 Shields Shavon,,2,2 Q,1-2 FT,,,,,Paint,Y,,,,,2,01:34,Shields Shavon,PERSONAL_FOUL,01:32,22,38,50,Valentine Denzel,Cole R.J.,Parks Jordan,Lever Alessandro,Bowman Ky,Bolmaro Leandro,Ellis Quinn,Shields Shavon,Nebo Josh,Brooks Armoni
Venezia - Olimpia Milano 26-04-26,2283.558304305,7.203123241999947,DEFENSE,DEFENSE: 45,,,,,,,,,,FB,,,,,,,,,,,,,FB,TR A,,,#32 Nebo Josh,#32 Nebo Josh,,,4,2 Q,IN-,,,,,Rim,Y,,,,,2,01:00,Bolmaro Leandro,TWO_POINT_MADE,00:48,,39,52,Valentine Denzel,Cole R.J.,Parks Jordan,Lever Alessandro,Bowman Ky,Bolmaro Leandro,Ellis Quinn,Guduric Marko,Nebo Josh,Brooks Armoni
Venezia - Olimpia Milano 26-04-26,2305.30504911,22.892943002000266,DEFENSE,DEFENSE: 46,,,,PUSH,,,,SLOT R,5,P&R Handler,,#3 Ellis Quinn,SCREENER,#32 Nebo Josh,HANDLER,,,,,,,,DRAG 4 CORNERS,,,,,#3 Ellis Quinn,,,1,2 Q,3P-,,,,,Right Wing 3,Y,,,,,2,01:00,Bolmaro Leandro,TWO_POINT_MADE,00:48,,39,52,Valentine Denzel,Cole R.J.,Parks Jordan,Lever Alessandro,Bowman Ky,Bolmaro Leandro,Ellis Quinn,Guduric Marko,Nebo Josh,Brooks Armoni
Venezia - Olimpia Milano 26-04-26,2389.214978907,14.205431466999926,DEFENSE,DEFENSE: 47,,,,THROUGH,,,,,,BACK SCREENS,,,,,,,,,,,,,ATO,CUT,,,#17 Ricci Giampaolo,#17 Ricci Giampaolo,,,5,3 Q,IN-,,,,,Rim,Y,,,,,3,09:36,Nebo Josh,DEFENSIVE_REBOUND,09:21,,39,54,Valentine Denzel,Wiltjer Kyle,Cole R.J.,Tessitori Amedeo,Parks Jordan,Bolmaro Leandro,Ricci Giampaolo,Ellis Quinn,Nebo Josh,Brooks Armoni
Venezia - Olimpia Milano 26-04-26,2459.845237719,9.683695614333374,DEFENSE,DEFENSE: 48,,,,,,,,,,FB,,,,,,,,,,,,,FB,,,,,#32 Nebo Josh,,,,3 Q,F,,,,,,Y,,,,,3,08:59,Nebo Josh,PERSONAL_FOUL,08:56,21,39,54,Valentine Denzel,Wiltjer Kyle,Cole R.J.,Tessitori Amedeo,Parks Jordan,Bolmaro Leandro,Ricci Giampaolo,Ellis Quinn,Nebo Josh,Brooks Armoni
Venezia - Olimpia Milano 26-04-26,2489.405361009,19.25522482899987,DEFENSE,DEFENSE: 49,,,,SWITCH 1on1,,,,SIDE L,4,P&R Handler,FB,#10 Bolmaro Leandro,SCREENER,#17 Ricci Giampaolo,HANDLER,,,,,,,,ATO,P&R,,,#17 Ricci Giampaolo,#17 Ricci Giampaolo,,,2,3 Q,2P-,,,,,FT Area,Y,,,,,3,08:56,Nebo Josh,PERSONAL_FOUL,08:56,21,39,54,Valentine Denzel,Wiltjer Kyle,Cole R.J.,Tessitori Amedeo,Parks Jordan,Bolmaro Leandro,Ricci Giampaolo,Ellis Quinn,Nebo Josh,Brooks Armoni
Venezia - Olimpia Milano 26-04-26,2557.04030324,27.2243412044445,DEFENSE,DEFENSE: 50,,,,SWITCH 1on1,,,POP,SIDE L,4,P&R Screener,,#10 Bolmaro Leandro,SCREENER,#17 Ricci Giampaolo,HANDLER,,,,,,,,FREE LANCE,,,,,#10 Bolmaro Leandro,,,1,3 Q,TO,,,,,,Y,,,,,3,08:32,Ellis Quinn,TURNOVER,08:11,,39,57,Valentine Denzel,Wiltjer Kyle,Cole R.J.,Tessitori Amedeo,Wheatle Carl,Bolmaro Leandro,Ricci Giampaolo,Ellis Quinn,Nebo Josh,Brooks Armoni
Venezia - Olimpia Milano 26-04-26,2601.690243626,11.730856373999814,DEFENSE,DEFENSE: 51,,,,,,,,,,FB,,,,,,,,,,,,,FB,,,,,#3 Ellis Quinn,,,,3 Q,F,,,,,,Y,,,,,3,08:04,Ricci Giampaolo,STEAL,08:01,,39,57,Valentine Denzel,Wiltjer Kyle,Cole R.J.,Tessitori Amedeo,Wheatle Carl,Bolmaro Leandro,Ricci Giampaolo,Ellis Quinn,Nebo Josh,Brooks Armoni
Venezia - Olimpia Milano 26-04-26,2624.094290427,5.9272981969998,DEFENSE,DEFENSE: 52,,,,,,,,,,SCREENS G,FB,,,,,,,,,,,,SOB,,,,,#10 Bolmaro Leandro,,,1,3 Q,TO,,,,,,Y,,,,,3,07:58,Ricci Giampaolo,THREE_POINT_MADE,07:53,22,39,60,Valentine Denzel,Wiltjer Kyle,Cole R.J.,Tessitori Amedeo,Wheatle Carl,Bolmaro Leandro,Ricci Giampaolo,Ellis Quinn,Nebo Josh,Brooks Armoni
Venezia - Olimpia Milano 26-04-26,2641.915675372,10.170189473999926,DEFENSE,DEFENSE: 53,,,,PUSH,,,,SIDE L,4,P&R Handler,,#3 Ellis Quinn,SCREENER,#17 Ricci Giampaolo,HANDLER,,,,,,,,"DRAG, DRAG",DR P,,,#17 Ricci Giampaolo,#17 Ricci Giampaolo,,,2,3 Q,2P+,,,,,Left Corner 3,Y,,,,,3,07:44,Ricci Giampaolo,PERSONAL_FOUL_RECEIVED,07:21,10,41,60,Valentine Denzel,Wiltjer Kyle,Cole R.J.,Tessitori Amedeo,Wheatle Carl,Bolmaro Leandro,Ricci Giampaolo,Ellis Quinn,Nebo Josh,Brooks Armoni
Venezia - Olimpia Milano 26-04-26,2759.557040399,12.580932191000102,DEFENSE,DEFENSE: 54,,,,DROP,,,,TOP L,5,P&R Spot up,FB,#10 Bolmaro Leandro,SCREENER,#32 Nebo Josh,HANDLER,,,,,,,,AWAY,P&R,,,#10 Bolmaro Leandro,#17 Ricci Giampaolo,,,4,3 Q,3P-,,,,,Right Wing 3,Y,,,,,3,07:14,Bolmaro Leandro,DEFENSIVE_REBOUND,07:11,20,41,61,Valentine Denzel,Wiltjer Kyle,Cole R.J.,Tessitori Amedeo,Wheatle Carl,Bolmaro Leandro,Ricci Giampaolo,Ellis Quinn,Nebo Josh,Brooks Armoni
Venezia - Olimpia Milano 26-04-26,2787.717688888889,18.701469240111237,DEFENSE,DEFENSE: 55,,,,PUSH,SLIP,,SHORT ROLL,SLOT R,5,P&R Cut,,#10 Bolmaro Leandro,SCREENER,#32 Nebo Josh,HANDLER,,,,,,,,FREE LANCE,ROLL,,,#32 Nebo Josh,#17 Ricci Giampaolo,,,5,3 Q,0-2 FT,,,,,Rim,Y,,,,,3,06:56,Ricci Giampaolo,PERSONAL_FOUL,06:53,19,41,61,Valentine Denzel,Wiltjer Kyle,Cole R.J.,Tessitori Amedeo,Wheatle Carl,Bolmaro Leandro,Ricci Giampaolo,Ellis Quinn,Nebo Josh,Brooks Armoni
Venezia - Olimpia Milano 26-04-26,2861.13614286,18.99713491800003,DEFENSE,DEFENSE: 56,,,,,,,,,,MULTIPLE OPTIONS,,,,,,,,,,,,,DRAG 4,,,,,#10 Bolmaro Leandro,,,,3 Q,F,,,,,,Y,,,,,3,06:22,Bolmaro Leandro,PERSONAL_FOUL,06:10,12,41,64,Valentine Denzel,Wiltjer Kyle,Cole R.J.,Tessitori Amedeo,Wheatle Carl,Bolmaro Leandro,Ricci Giampaolo,Mannion Nico,Nebo Josh,Brooks Armoni
Venezia - Olimpia Milano 26-04-26,2914.731415031,18.79633800800002,DEFENSE,DEFENSE: 57,,,,,,,,,,MULTIPLE OPTIONS,,,,,,,,,,,,,BOB,,,,,#32 Nebo Josh,,,3,3 Q,3P+,,,,,Left Wing 3,Y,,,,,3,06:05,Mannion Nico,TURNOVER,05:43,8,44,64,Cole R.J.,Tessitori Amedeo,Parks Jordan,Wheatle Carl,Bowman Ky,Ricci Giampaolo,Mannion Nico,Shields Shavon,Nebo Josh,Brooks Armoni
Venezia - Olimpia Milano 26-04-26,2977.938431223,9.086590999222153,DEFENSE,DEFENSE: 58,,,,,,,,,,FB,,,,,,,,,,,,,FB,,,,,#17 Ricci Giampaolo,,,,3 Q,OB,,,,,,Y,,,,,4,05:39,Nebo Josh,DEFENSIVE_REBOUND,05:28,13,44,64,Cole R.J.,Tessitori Amedeo,Parks Jordan,Wheatle Carl,Bowman Ky,Ricci Giampaolo,Mannion Nico,Shields Shavon,Nebo Josh,Brooks Armoni
Venezia - Olimpia Milano 26-04-26,2993.79221295,14.812273417000142,DEFENSE,DEFENSE: 59,,,,,,,,,,1on1,,,,,,,,,,,,,BOB,DR P,,,#32 Nebo Josh,#32 Nebo Josh,,,2,3 Q,IN-,,,,,Rim,Y,,,,,3,05:34,Nebo Josh,DEFENSIVE_REBOUND,05:28,13,44,64,Cole R.J.,Tessitori Amedeo,Parks Jordan,Wheatle Carl,Bowman Ky,Ricci Giampaolo,Mannion Nico,Shields Shavon,Nebo Josh,Brooks Armoni
Venezia - Olimpia Milano 26-04-26,3026.091200962,18.279649617999894,DEFENSE,DEFENSE: 60,,,,TRAIL HO,,,,SIDE OUT L,5,HO Handler,,#12 Brooks Armoni,SCREENER,#32 Nebo Josh,HANDLER,,,,,,,,TRANSITION LP,,,,,#12 Brooks Armoni,,,2,3 Q,3P+,,,,,Left Corner 3,Y,,,,,3,05:10,Shields Shavon,PERSONAL_FOUL_RECEIVED,04:34,8,47,64,Cole R.J.,Tessitori Amedeo,Parks Jordan,Wheatle Carl,Bowman Ky,Ricci Giampaolo,Mannion Nico,Shields Shavon,Nebo Josh,Brooks Armoni
Venezia - Olimpia Milano 26-04-26,3130.012615665,24.78660655700014,DEFENSE,DEFENSE: 61,,,,PUSH,,,,SLOT R,5,P&R Handler,,#1 Mannion Nico,SCREENER,#32 Nebo Josh,HANDLER,,,,,,,,AWAY ISO,P&R,,,#1 Mannion Nico,#1 Mannion Nico,,,4,3 Q,2-2 FT,,,,,,Y,,,,,3,04:16,Mannion Nico,PERSONAL_FOUL,04:01,9,47,64,Cole R.J.,Tessitori Amedeo,Parks Jordan,Wheatle Carl,Bowman Ky,LeDay Zach,Mannion Nico,Shields Shavon,Guduric Marko,Nebo Josh
Venezia - Olimpia Milano 26-04-26,3213.039907295,21.209455961000003,DEFENSE,DEFENSE: 62,,,,FLAT,,,,SLOT R,5,P&R 1on1,,#31 Shields Shavon,SCREENER,#32 Nebo Josh,HANDLER,,,,,,,,DRAG,,,,,#16 Le Day Zach,,,3,3 Q,3P+,,,,,Left Wing 3,Y,,,,,3,03:42,Shields Shavon,TWO_POINT_MADE,03:20,17,52,66,Horton Chris,Cole R.J.,Parks Jordan,Wheatle Carl,Bowman Ky,LeDay Zach,Diop Ousmane,Mannion Nico,Shields Shavon,Guduric Marko
Venezia - Olimpia Milano 26-04-26,3264.742847173,22.6557641993204,DEFENSE,DEFENSE: 63,,,,,,,,,,1on1 Cut,,,,,,,,,,,,,DRAG 4 CORNERS,CUT,,,#16 Le Day Zach,#16 Le Day Zach,,,5,3 Q,2-2 FT,,,,,Rim,Y,,,,,3,03:11,LeDay Zach,PERSONAL_FOUL,03:02,,52,66,Horton Chris,Cole R.J.,Parks Jordan,Wheatle Carl,Bowman Ky,LeDay Zach,Diop Ousmane,Mannion Nico,Shields Shavon,Guduric Marko
Venezia - Olimpia Milano 26-04-26,3377.125172573,21.367729172000054,DEFENSE,DEFENSE: 64,,,,,,,,,,1on1 Cut,,,,,,,,,,,,,AWAY,CUT,,,#31 Shields Shavon,#25 Diop Ousmane,,,5,3 Q,IN+,,,,,Rim,Y,,,,,3,02:35,Diop Ousmane,PERSONAL_FOUL_RECEIVED,02:12,21,56,66,Horton Chris,Candi Leonardo,Parks Jordan,Wheatle Carl,Bowman Ky,Diop Ousmane,Bolmaro Leandro,Mannion Nico,Shields Shavon,Guduric Marko
Venezia - Olimpia Milano 26-04-26,3453.389229168,11.022773213000164,DEFENSE,DEFENSE: 65,,,,SHOOT THE GAP,,,,TOP L,5,HO Handler,,#1 Mannion Nico,SCREENER,#25 Diop Ousmane,HANDLER,,,,,,,,AWAY,P&R,,,#1 Mannion Nico,#1 Mannion Nico,,,3,3 Q,IN-,,,,,Paint,Y,,,,,3,02:03,Shields Shavon,DEFENSIVE_REBOUND,01:55,15,56,66,Horton Chris,Candi Leonardo,Parks Jordan,Wheatle Carl,Bowman Ky,Diop Ousmane,Bolmaro Leandro,Mannion Nico,Shields Shavon,Guduric Marko
Venezia - Olimpia Milano 26-04-26,3488.030844198,19.2394070549999,DEFENSE,DEFENSE: 66,,,,DROP,,,,SIDE R,5,P&R Handler,,#31 Shields Shavon,SCREENER,#25 Diop Ousmane,HANDLER,,,,,,,,DRAG,P&R,,,#31 Shields Shavon,#31 Shields Shavon,,,2,3 Q,2P+,,,,,Right Wing Mid-Range,Y,,,,,3,01:30,Bolmaro Leandro,THREE_POINT_MISSED,00:59,,58,66,Horton Chris,Candi Leonardo,Parks Jordan,Wheatle Carl,Bowman Ky,Diop Ousmane,Bolmaro Leandro,Mannion Nico,Shields Shavon,Guduric Marko
Venezia - Olimpia Milano 26-04-26,3521.406378663,9.422477937000167,DEFENSE,DEFENSE: 67,,,,DROP,,,,SLOT R,5,P&R Handler,,#10 Bolmaro Leandro,SCREENER,#25 Diop Ousmane,HANDLER,,,,,,,,DRAG,,,,,#10 Bolmaro Leandro,,,2,3 Q,3P-,,,,,Top of Key 3,Y,,,,,3,01:00,Bolmaro Leandro,THREE_POINT_MISSED,00:59,,58,66,Horton Chris,Candi Leonardo,Parks Jordan,Wheatle Carl,Bowman Ky,Diop Ousmane,Bolmaro Leandro,Mannion Nico,Shields Shavon,Guduric Marko
Venezia - Olimpia Milano 26-04-26,3567.949637558,29.96733691999998,DEFENSE,DEFENSE: 68,,,,,,,,,,1on1,,,,,,,,,,,,,EOQ,,,,,#31 Shields Shavon,,,2,3 Q,3P + 1,,,,,Left Wing 3,Y,,,,,3,01:00,Bolmaro Leandro,THREE_POINT_MISSED,00:59,,58,66,Horton Chris,Candi Leonardo,Parks Jordan,Wheatle Carl,Bowman Ky,Diop Ousmane,Bolmaro Leandro,Mannion Nico,Shields Shavon,Guduric Marko
Venezia - Olimpia Milano 26-04-26,3698.768657916,25.11745698599998,DEFENSE,DEFENSE: 69,,,,,,,,,,1on1 Spot up,,,,,,,,,,,,,54,DR P,,,#23 Guduric Marko,#17 Ricci Giampaolo,,,5,4 Q,3P-,,,,,Left Wing 3,Y,,,,,3,01:00,Brooks Armoni,TURNOVER,00:52,,82,87,Cole R.J.,Tessitori Amedeo,Parks Jordan,Wheatle Carl,Bowman Ky,Bolmaro Leandro,Ricci Giampaolo,Guduric Marko,Nebo Josh,Brooks Armoni
Venezia - Olimpia Milano 26-04-26,3781.895267287,7.303481985999952,DEFENSE,DEFENSE: 70,,,,,,,,,,FB,,,,,,,,,,,,,FB,,,,,#23 Guduric Marko,,,,4 Q,F,,,,,,Y,,,,,4,09:09,Bolmaro Leandro,TURNOVER,09:08,,62,66,Horton Chris,Candi Leonardo,Parks Jordan,Wheatle Carl,Bowman Ky,Diop Ousmane,Bolmaro Leandro,Ricci Giampaolo,Mannion Nico,Guduric Marko
Venezia - Olimpia Milano 26-04-26,3828.8198444444442,17.906368535555885,DEFENSE,DEFENSE: 71,,,,,,,,,,1on1,,,,,,,,,,,,,SOB,DR P,,,#10 Bolmaro Leandro,#25 Diop Ousmane,,,2,4 Q,TO + F,,,,,,Y,,,,,4,09:07,Guduric Marko,PERSONAL_FOUL,09:04,,62,66,Horton Chris,Candi Leonardo,Parks Jordan,Wheatle Carl,Bowman Ky,Diop Ousmane,Bolmaro Leandro,Ricci Giampaolo,Mannion Nico,Guduric Marko
Venezia - Olimpia Milano 26-04-26,3891.970549675,15.268664085000182,DEFENSE,DEFENSE: 72,,,,FLAT,,,,TOP L,5,P&R Handler,,#17 Ricci Giampaolo,SCREENER,#25 Diop Ousmane,HANDLER,,,,,,,,AWAY,,,,,#17 Ricci Giampaolo,,,2,4 Q,3P+,,,,,Top of Key 3,Y,,,,,4,08:38,Bolmaro Leandro,TWO_POINT_MADE,08:06,10,65,71,Horton Chris,Candi Leonardo,Parks Jordan,Wheatle Carl,Bowman Ky,Diop Ousmane,Bolmaro Leandro,Ricci Giampaolo,Mannion Nico,Guduric Marko
Venezia - Olimpia Milano 26-04-26,3928.417646692,11.255475696000303,DEFENSE,DEFENSE: 73,,,,PUSH,,,,SIDE R,5,P&R Screener,,#23 Guduric Marko,SCREENER,#25 Diop Ousmane,HANDLER,,,,,,,,DRAG 4 CORNERS,ROLL,,,#25 Diop Ousmane,#25 Diop Ousmane,,,4,4 Q,IN-,,,,,Rim,Y,,,,,4,08:01,Diop Ousmane,BLOCK,07:52,15,65,71,Horton Chris,Candi Leonardo,Parks Jordan,Wheatle Carl,Bowman Ky,Diop Ousmane,Bolmaro Leandro,Ricci Giampaolo,Mannion Nico,Guduric Marko
Venezia - Olimpia Milano 26-04-26,3987.517209887,25.61551938499997,DEFENSE,DEFENSE: 74,,,,DROP,,,,ELBOW R,5,P&R Spot up,,#10 Bolmaro Leandro,SCREENER,#25 Diop Ousmane,HANDLER,,,,,,,,2 UP,,,,,#17 Ricci Giampaolo,,,2,4 Q,TO + F,,,,,Left Wing 3,Y,,,,,4,07:34,Ricci Giampaolo,THREE_POINT_MADE,07:34,11,65,74,Horton Chris,Candi Leonardo,Parks Jordan,Wheatle Carl,Bowman Ky,Diop Ousmane,Bolmaro Leandro,Ricci Giampaolo,Mannion Nico,Guduric Marko
Venezia - Olimpia Milano 26-04-26,4055.72685009,12.67047213222213,DEFENSE,DEFENSE: 75,,,,REJECT,,,,SIDE R,4,P&R Handler,,,,,,,,,,,,,DRAG,,,,,#1 Mannion Nico,,,,4 Q,F,,,,,,Y,,,,,4,07:05,Mannion Nico,PERSONAL_FOUL,07:02,8,65,76,Horton Chris,Cole R.J.,Parks Jordan,Wheatle Carl,Bowman Ky,Diop Ousmane,Bolmaro Leandro,Ricci Giampaolo,Mannion Nico,Guduric Marko
Venezia - Olimpia Milano 26-04-26,4080.961561898,15.48105761800025,DEFENSE,DEFENSE: 76,,,,FLAT,,,,TOP L,5,P&R Handler,,#23 Guduric Marko,SCREENER,#25 Diop Ousmane,HANDLER,,,,,,,,SOB,DR P,,,#23 Guduric Marko,#17 Ricci Giampaolo,,,1,4 Q,TO,,,,,,Y,,,,,4,06:57,Ricci Giampaolo,STEAL,06:51,13,65,76,Cole R.J.,Tessitori Amedeo,Parks Jordan,Wheatle Carl,Bowman Ky,Diop Ousmane,Bolmaro Leandro,Ricci Giampaolo,Mannion Nico,Guduric Marko
Venezia - Olimpia Milano 26-04-26,4113.420719397,7.664724243000819,DEFENSE,DEFENSE: 77,,,,,,,,,,FB,,,,,,,,,,,,,FB,,,,,#1 Mannion Nico,,,4,4 Q,3P+,,,,,Left Corner 3,Y,,,,,4,06:28,Bolmaro Leandro,PERSONAL_FOUL_RECEIVED,06:12,16,68,76,Cole R.J.,Tessitori Amedeo,Parks Jordan,Wheatle Carl,Bowman Ky,Diop Ousmane,Bolmaro Leandro,Ricci Giampaolo,Mannion Nico,Guduric Marko
Venezia - Olimpia Milano 26-04-26,4192.496938162,38.74499883499993,DEFENSE,DEFENSE: 78,,,,FLAT,,,,SIDE R,5,P&R Screener,,#1 Mannion Nico,SCREENER,#32 Nebo Josh,HANDLER,,,,,,,,SOB 2 UP,ROLL,,,#32 Nebo Josh,#32 Nebo Josh,,,5,4 Q,1-2 FT,,,,,Rim,Y,,,,,4,06:06,Nebo Josh,PERSONAL_FOUL,06:01,9,68,76,Cole R.J.,Tessitori Amedeo,Parks Jordan,Wheatle Carl,Bowman Ky,Bolmaro Leandro,Ricci Giampaolo,Mannion Nico,Guduric Marko,Nebo Josh
Venezia - Olimpia Milano 26-04-26,4286.637537732,12.895398777999617,DEFENSE,DEFENSE: 79,,,,FLAT,SLIP,,,SLOT R,5,P&R Spot up,,#17 Ricci Giampaolo,SCREENER,#32 Nebo Josh,HANDLER,,,,,,,,FREE LANCE,P&R,,,#17 Ricci Giampaolo,#10 Bolmaro Leandro,,,4,4 Q,3P-,,,,,Left Corner 3,Y,,,,,4,05:38,Ricci Giampaolo,DEFENSIVE_REBOUND,05:32,17,69,76,Cole R.J.,Tessitori Amedeo,Parks Jordan,Wheatle Carl,Bowman Ky,Bolmaro Leandro,Ricci Giampaolo,Mannion Nico,Guduric Marko,Nebo Josh
Venezia - Olimpia Milano 26-04-26,4376.958552497,16.448858614000528,DEFENSE,DEFENSE: 80,,,,,,,,,,FC MAN,,,,,,,,,,,,,PRESS BREAK,,,,,#10 Bolmaro Leandro,,,,4 Q,F,,,,,,Y,,,,,4,04:57,Bolmaro Leandro,PERSONAL_FOUL,04:57,,69,76,Cole R.J.,Tessitori Amedeo,Parks Jordan,Wheatle Carl,Bowman Ky,Bolmaro Leandro,Ricci Giampaolo,Mannion Nico,Nebo Josh,Brooks Armoni
Venezia - Olimpia Milano 26-04-26,4403.1341369,19.35805551199701,DEFENSE,DEFENSE: 81,,,,TRAIL HO,,,,SIDE L,4,HO Screener,,#1 Mannion Nico,SCREENER,#17 Ricci Giampaolo,HANDLER,,,,,,,,2 UP,,,,,#1 Mannion Nico,,,1,4 Q,TO + F,,,,,,Y,,,,,4,04:52,Mannion Nico,PERSONAL_FOUL_RECEIVED,04:44,,69,76,Cole R.J.,Tessitori Amedeo,Parks Jordan,Wheatle Carl,Bowman Ky,Bolmaro Leandro,Ricci Giampaolo,Mannion Nico,Nebo Josh,Brooks Armoni
Venezia - Olimpia Milano 26-04-26,4473.879695308,15.262682469778156,DEFENSE,DEFENSE: 82,,,,,,,,,,BACK SCREENS,,,,,,,,,,,,,5 DOWN,,,,,#17 Ricci Giampaolo,,,,4 Q,1-2 FT,,,,,FT Area,Y,,,,,4,04:17,Ricci Giampaolo,PERSONAL_FOUL,04:10,17,69,78,Cole R.J.,Tessitori Amedeo,Parks Jordan,Wheatle Carl,Bowman Ky,Bolmaro Leandro,Ricci Giampaolo,Mannion Nico,Nebo Josh,Brooks Armoni
Venezia - Olimpia Milano 26-04-26,4548.814036051,10.009394059000442,DEFENSE,DEFENSE: 83,,,,,,,,,,FB,,,,,,,,,,,,,FB,,,,,#12 Brooks Armoni,,,5,4 Q,3P+,,,,,Top of Key 3,Y,,,,,4,03:49,Brooks Armoni,PERSONAL_FOUL_RECEIVED,03:34,20,73,78,Cole R.J.,Tessitori Amedeo,Parks Jordan,Wheatle Carl,Bowman Ky,Bolmaro Leandro,Ricci Giampaolo,Shields Shavon,Nebo Josh,Brooks Armoni
Venezia - Olimpia Milano 26-04-26,4628.14453137,24.772295112999927,DEFENSE,DEFENSE: 84,,,,,,,,,,1on1,,,,,,,,,,,,,5 DOWN,,,,,#31 Shields Shavon,,,3,CT,3P + 1,,,,,Top of Key 3,Y,,,,,4,03:32,Shields Shavon,PERSONAL_FOUL,03:18,,76,79,Cole R.J.,Tessitori Amedeo,Parks Jordan,Wheatle Carl,Bowman Ky,Bolmaro Leandro,Ricci Giampaolo,Shields Shavon,Nebo Josh,Brooks Armoni
Venezia - Olimpia Milano 26-04-26,4708.626907492,17.359853705000205,DEFENSE,DEFENSE: 85,,,,PUSH,,,,SLOT L,5,P&R Screener,,#10 Bolmaro Leandro,SCREENER,#32 Nebo Josh,HANDLER,,,,,,,,DRAG 4 CORNERS,,,,,#12 Brooks Armoni,,,4,CT,1-2 FT,,,,,Paint,Y,,,,,4,02:55,Brooks Armoni,PERSONAL_FOUL,02:49,,77,82,Cole R.J.,Tessitori Amedeo,Parks Jordan,Wheatle Carl,Bowman Ky,Bolmaro Leandro,Ricci Giampaolo,Guduric Marko,Nebo Josh,Brooks Armoni
Venezia - Olimpia Milano 26-04-26,4797.126723934,10.783082353999816,DEFENSE,DEFENSE: 86,,,,,,,,,,FB,,,,,,,,,,,,,FB,TR A,,,#10 Bolmaro Leandro,#17 Ricci Giampaolo,,,4,CT,IN+,,,,,Rim,Y,,,,,4,02:27,Bolmaro Leandro,TWO_POINT_MADE,01:59,,80,84,Cole R.J.,Tessitori Amedeo,Parks Jordan,Wheatle Carl,Bowman Ky,Bolmaro Leandro,Ricci Giampaolo,Guduric Marko,Nebo Josh,Brooks Armoni
Venezia - Olimpia Milano 26-04-26,4831.76931415,13.688912073999745,DEFENSE,DEFENSE: 87,,,,REJECT,,,,SLOT L,5,P&R Screener,,#23 Guduric Marko,SCREENER,#32 Nebo Josh,HANDLER,,,,,,,,DRAG,P&R,,,#23 Guduric Marko,#32 Nebo Josh,,,5,CT,IN+,,,,,Rim,Y,,,,,4,01:53,Brooks Armoni,PERSONAL_FOUL_RECEIVED,01:24,,82,84,Cole R.J.,Tessitori Amedeo,Parks Jordan,Wheatle Carl,Bowman Ky,Bolmaro Leandro,Ricci Giampaolo,Guduric Marko,Nebo Josh,Brooks Armoni
Venezia - Olimpia Milano 26-04-26,4937.366579547,15.269089201000497,DEFENSE,DEFENSE: 88,,,,,,,,,,1on1,,,,,,,,,,,,,AWAY,DR P,,,#23 Guduric Marko,#32 Nebo Josh,,,3,CT,IN-,,,,,Paint,Y,,,,,4,01:25,Brooks Armoni,PERSONAL_FOUL_RECEIVED,01:24,,82,84,Cole R.J.,Tessitori Amedeo,Parks Jordan,Wheatle Carl,Bowman Ky,Bolmaro Leandro,Ricci Giampaolo,Guduric Marko,Nebo Josh,Brooks Armoni
Venezia - Olimpia Milano 26-04-26,5003.940788134,24.209644217999994,DEFENSE,DEFENSE: 89,,,,TRAIL HO,,,,ELBOW R,5,HO Handler,OR,#23 Guduric Marko,SCREENER,#32 Nebo Josh,HANDLER,,,,,,,,SOB ELBOW,P&R,,,#23 Guduric Marko,#23 Guduric Marko,,,3,CT,IN-,,,,,Paint,Y,,,,,4,01:00,Brooks Armoni,TURNOVER,00:52,,82,87,Cole R.J.,Tessitori Amedeo,Parks Jordan,Wheatle Carl,Bowman Ky,Bolmaro Leandro,Ricci Giampaolo,Guduric Marko,Nebo Josh,Brooks Armoni
Venezia - Olimpia Milano 26-04-26,5028.150432352,10.54950098133304,DEFENSE,DEFENSE: 90,,,,,,,,,,OR,,,,,,,,,,,,,OR,,,,,#32 Nebo Josh,,,,CT,1-2 FT,,,,,Rim,Y,,,,,4,01:00,Brooks Armoni,TURNOVER,00:52,,82,87,Cole R.J.,Tessitori Amedeo,Parks Jordan,Wheatle Carl,Bowman Ky,Bolmaro Leandro,Ricci Giampaolo,Guduric Marko,Nebo Josh,Brooks Armoni
Venezia - Olimpia Milano 26-04-26,5120.923804751,8.59119524900052,DEFENSE,DEFENSE: 91,,,,PUSH,,,,SIDE R,5,P&R Handler,"OR, OR",#12 Brooks Armoni,SCREENER,#32 Nebo Josh,HANDLER,,,,,,,,FREE LANCE,,,,,#12 Brooks Armoni,,,1,CT,3P-,,,,,Right Wing 3,Y,,,,,4,01:00,Brooks Armoni,TURNOVER,00:52,,82,87,Cole R.J.,Tessitori Amedeo,Parks Jordan,Wheatle Carl,Bowman Ky,Bolmaro Leandro,Ricci Giampaolo,Guduric Marko,Nebo Josh,Brooks Armoni
Venezia - Olimpia Milano 26-04-26,5129.515,5.45622162699965,DEFENSE,DEFENSE: 92,,,,,,,,,,OR,,,,,,,,,,,,,OR,,,,,#17 Ricci Giampaolo,,,5,CT,IN+,,,,,Rim,Y,,,,,4,01:00,Brooks Armoni,TURNOVER,00:52,,82,87,Cole R.J.,Tessitori Amedeo,Parks Jordan,Wheatle Carl,Bowman Ky,Bolmaro Leandro,Ricci Giampaolo,Guduric Marko,Nebo Josh,Brooks Armoni
